stop_id,departure,destination,line,arrival,service_type
1A,05:10,Autobusová stanica cez Nový Juh,1,-,1
1A,05:30,Autobusová stanica cez Nový Juh,1,-,1
1A,05:50,Autobusová stanica cez Nový Juh,1,-,1
1A,06:00,Autobusová stanica cez Nový Juh,1,-,2
1A,06:10,Autobusová stanica cez Nový Juh,1,-,1
1A,06:30,Autobusová stanica cez Nový Juh,1,-,1
1A,06:45,Autobusová stanica cez Nový Juh,1,-,2
1A,06:50,Autobusová stanica cez Nový Juh,1,-,1
1A,07:00,Autobusová stanica cez Nový Juh,1,-,1
1A,07:10,Autobusová stanica cez Nový Juh,1,-,1
1A,07:15,Autobusová stanica cez Nový Juh,1,-,1
1A,07:30,Autobusová stanica cez Nový Juh,1,-,1
1A,07:50,Autobusová stanica cez Nový Juh,1,-,1
1A,08:10,Autobusová stanica cez Nový Juh,1,-,1
1A,08:30,Autobusová stanica cez Nový Juh,1,-,1
1A,08:50,Autobusová stanica cez Nový Juh,1,-,1
1A,09:10,Autobusová stanica cez Nový Juh,1,-,1
1A,09:30,Autobusová stanica cez Nový Juh,1,-,1
1A,09:50,Autobusová stanica cez Nový Juh,1,-,2
1A,09:55,Autobusová stanica cez Nový Juh,1,-,1
1A,10:10,Autobusová stanica cez Nový Juh,1,-,2
1A,10:25,Autobusová stanica cez Nový Juh,1,-,1
1A,10:30,Autobusová stanica cez Nový Juh,1,-,2
1A,10:50,Autobusová stanica cez Nový Juh,1,-,1
1A,10:55,Autobusová stanica cez Nový Juh,1,-,1
1A,11:10,Autobusová stanica cez Nový Juh,1,-,2
1A,11:25,Autobusová stanica cez Nový Juh,1,-,1
1A,11:30,Autobusová stanica cez Nový Juh,1,-,1
1A,11:50,Autobusová stanica cez Nový Juh,1,-,2
1A,11:55,Autobusová stanica cez Nový Juh,1,-,1
1A,12:10,Autobusová stanica cez Nový Juh,1,-,1
1A,12:25,Autobusová stanica cez Nový Juh,1,-,2
1A,12:30,Autobusová stanica cez Nový Juh,1,-,1
1A,12:50,Autobusová stanica cez Nový Juh,1,-,1
1A,12:55,Autobusová stanica cez Nový Juh,1,-,2
1A,13:10,Autobusová stanica cez Nový Juh,1,-,1
1A,13:25,Autobusová stanica cez Nový Juh,1,-,2
1A,13:30,Autobusová stanica cez Nový Juh,1,-,1
1A,13:50,Autobusová stanica cez Nový Juh,1,-,1
1A,14:10,Autobusová stanica cez Nový Juh,1,-,1
1A,14:30,Autobusová stanica cez Nový Juh,1,-,1
1A,14:50,Autobusová stanica cez Nový Juh,1,-,1
1A,15:10,Autobusová stanica cez Nový Juh,1,-,1
1A,15:30,Autobusová stanica cez Nový Juh,1,-,1
1A,15:50,Autobusová stanica cez Nový Juh,1,-,1
1A,16:10,Autobusová stanica cez Nový Juh,1,-,1
1A,16:30,Autobusová stanica cez Nový Juh,1,-,1
1A,16:55,Autobusová stanica cez Nový Juh,1,-,1
1A,17:25,Autobusová stanica cez Nový Juh,1,-,1
1A,17:55,Autobusová stanica cez Nový Juh,1,-,1
1A,18:25,Autobusová stanica cez Nový Juh,1,-,1
2B,05:12,Autobusová stanica cez Nový Juh,1,-,1
2B,05:32,Autobusová stanica cez Nový Juh,1,-,1
2B,05:52,Autobusová stanica cez Nový Juh,1,-,1
2B,06:02,Autobusová stanica cez Nový Juh,1,-,2
2B,06:12,Autobusová stanica cez Nový Juh,1,-,1
2B,06:32,Autobusová stanica cez Nový Juh,1,-,1
2B,06:47,Autobusová stanica cez Nový Juh,1,-,2
2B,06:52,Autobusová stanica cez Nový Juh,1,-,1
2B,07:02,Autobusová stanica cez Nový Juh,1,-,1
2B,07:12,Autobusová stanica cez Nový Juh,1,-,1
2B,07:17,Autobusová stanica cez Nový Juh,1,-,1
2B,07:32,Autobusová stanica cez Nový Juh,1,-,1
2B,07:52,Autobusová stanica cez Nový Juh,1,-,1
2B,08:12,Autobusová stanica cez Nový Juh,1,-,1
2B,08:32,Autobusová stanica cez Nový Juh,1,-,1
2B,08:52,Autobusová stanica cez Nový Juh,1,-,1
2B,09:12,Autobusová stanica cez Nový Juh,1,-,1
2B,09:32,Autobusová stanica cez Nový Juh,1,-,1
2B,09:52,Autobusová stanica cez Nový Juh,1,-,2
2B,09:57,Autobusová stanica cez Nový Juh,1,-,1
2B,10:12,Autobusová stanica cez Nový Juh,1,-,2
2B,10:27,Autobusová stanica cez Nový Juh,1,-,1
2B,10:32,Autobusová stanica cez Nový Juh,1,-,2
2B,10:52,Autobusová stanica cez Nový Juh,1,-,1
2B,10:57,Autobusová stanica cez Nový Juh,1,-,1
2B,11:12,Autobusová stanica cez Nový Juh,1,-,2
2B,11:27,Autobusová stanica cez Nový Juh,1,-,1
2B,11:32,Autobusová stanica cez Nový Juh,1,-,1
2B,11:52,Autobusová stanica cez Nový Juh,1,-,2
2B,11:57,Autobusová stanica cez Nový Juh,1,-,1
2B,12:12,Autobusová stanica cez Nový Juh,1,-,1
2B,12:27,Autobusová stanica cez Nový Juh,1,-,2
2B,12:32,Autobusová stanica cez Nový Juh,1,-,1
2B,12:52,Autobusová stanica cez Nový Juh,1,-,1
2B,12:57,Autobusová stanica cez Nový Juh,1,-,2
2B,13:12,Autobusová stanica cez Nový Juh,1,-,1
2B,13:27,Autobusová stanica cez Nový Juh,1,-,2
2B,13:32,Autobusová stanica cez Nový Juh,1,-,1
2B,13:52,Autobusová stanica cez Nový Juh,1,-,1
2B,14:12,Autobusová stanica cez Nový Juh,1,-,1
2B,14:32,Autobusová stanica cez Nový Juh,1,-,1
2B,14:52,Autobusová stanica cez Nový Juh,1,-,1
2B,15:12,Autobusová stanica cez Nový Juh,1,-,1
2B,15:32,Autobusová stanica cez Nový Juh,1,-,1
2B,15:52,Autobusová stanica cez Nový Juh,1,-,1
2B,16:12,Autobusová stanica cez Nový Juh,1,-,1
2B,16:32,Autobusová stanica cez Nový Juh,1,-,1
2B,16:57,Autobusová stanica cez Nový Juh,1,-,1
2B,17:27,Autobusová stanica cez Nový Juh,1,-,1
2B,17:57,Autobusová stanica cez Nový Juh,1,-,1
2B,18:27,Autobusová stanica cez Nový Juh,1,-,1
3A,05:13,Autobusová stanica cez Nový Juh,1,-,1
3A,05:33,Autobusová stanica cez Nový Juh,1,-,1
3A,05:53,Autobusová stanica cez Nový Juh,1,-,1
3A,06:03,Autobusová stanica cez Nový Juh,1,-,2
3A,06:13,Autobusová stanica cez Nový Juh,1,-,1
3A,06:33,Autobusová stanica cez Nový Juh,1,-,1
3A,06:48,Autobusová stanica cez Nový Juh,1,-,2
3A,06:53,Autobusová stanica cez Nový Juh,1,-,1
3A,07:03,Autobusová stanica cez Nový Juh,1,-,1
3A,07:13,Autobusová stanica cez Nový Juh,1,-,1
3A,07:18,Autobusová stanica cez Nový Juh,1,-,1
3A,07:33,Autobusová stanica cez Nový Juh,1,-,1
3A,07:53,Autobusová stanica cez Nový Juh,1,-,1
3A,08:13,Autobusová stanica cez Nový Juh,1,-,1
3A,08:33,Autobusová stanica cez Nový Juh,1,-,1
3A,08:53,Autobusová stanica cez Nový Juh,1,-,1
3A,09:13,Autobusová stanica cez Nový Juh,1,-,1
3A,09:33,Autobusová stanica cez Nový Juh,1,-,1
3A,09:53,Autobusová stanica cez Nový Juh,1,-,2
3A,09:58,Autobusová stanica cez Nový Juh,1,-,1
3A,10:13,Autobusová stanica cez Nový Juh,1,-,2
3A,10:28,Autobusová stanica cez Nový Juh,1,-,1
3A,10:33,Autobusová stanica cez Nový Juh,1,-,2
3A,10:53,Autobusová stanica cez Nový Juh,1,-,1
3A,10:58,Autobusová stanica cez Nový Juh,1,-,1
3A,11:13,Autobusová stanica cez Nový Juh,1,-,2
3A,11:28,Autobusová stanica cez Nový Juh,1,-,1
3A,11:33,Autobusová stanica cez Nový Juh,1,-,1
3A,11:53,Autobusová stanica cez Nový Juh,1,-,2
3A,11:58,Autobusová stanica cez Nový Juh,1,-,1
3A,12:13,Autobusová stanica cez Nový Juh,1,-,1
3A,12:28,Autobusová stanica cez Nový Juh,1,-,2
3A,12:33,Autobusová stanica cez Nový Juh,1,-,1
3A,12:53,Autobusová stanica cez Nový Juh,1,-,1
3A,12:58,Autobusová stanica cez Nový Juh,1,-,2
3A,13:13,Autobusová stanica cez Nový Juh,1,-,1
3A,13:28,Autobusová stanica cez Nový Juh,1,-,2
3A,13:33,Autobusová stanica cez Nový Juh,1,-,1
3A,13:53,Autobusová stanica cez Nový Juh,1,-,1
3A,14:13,Autobusová stanica cez Nový Juh,1,-,1
3A,14:33,Autobusová stanica cez Nový Juh,1,-,1
3A,14:53,Autobusová stanica cez Nový Juh,1,-,1
3A,15:13,Autobusová stanica cez Nový Juh,1,-,1
3A,15:33,Autobusová stanica cez Nový Juh,1,-,1
3A,15:53,Autobusová stanica cez Nový Juh,1,-,1
3A,16:13,Autobusová stanica cez Nový Juh,1,-,1
3A,16:33,Autobusová stanica cez Nový Juh,1,-,1
3A,16:58,Autobusová stanica cez Nový Juh,1,-,1
3A,17:28,Autobusová stanica cez Nový Juh,1,-,1
3A,17:58,Autobusová stanica cez Nový Juh,1,-,1
3A,18:28,Autobusová stanica cez Nový Juh,1,-,1
4A,05:15,Autobusová stanica cez Nový Juh,1,-,1
4A,05:35,Autobusová stanica cez Nový Juh,1,-,1
4A,05:55,Autobusová stanica cez Nový Juh,1,-,1
4A,06:05,Autobusová stanica cez Nový Juh,1,-,2
4A,06:15,Autobusová stanica cez Nový Juh,1,-,1
4A,06:35,Autobusová stanica cez Nový Juh,1,-,1
4A,06:50,Autobusová stanica cez Nový Juh,1,-,2
4A,06:55,Autobusová stanica cez Nový Juh,1,-,1
4A,07:05,Autobusová stanica cez Nový Juh,1,-,1
4A,07:15,Autobusová stanica cez Nový Juh,1,-,1
4A,07:20,Autobusová stanica cez Nový Juh,1,-,1
4A,07:35,Autobusová stanica cez Nový Juh,1,-,1
4A,07:55,Autobusová stanica cez Nový Juh,1,-,1
4A,08:15,Autobusová stanica cez Nový Juh,1,-,1
4A,08:35,Autobusová stanica cez Nový Juh,1,-,1
4A,08:55,Autobusová stanica cez Nový Juh,1,-,1
4A,09:15,Autobusová stanica cez Nový Juh,1,-,1
4A,09:35,Autobusová stanica cez Nový Juh,1,-,1
4A,09:55,Autobusová stanica cez Nový Juh,1,-,2
4A,10:00,Autobusová stanica cez Nový Juh,1,-,1
4A,10:15,Autobusová stanica cez Nový Juh,1,-,2
4A,10:30,Autobusová stanica cez Nový Juh,1,-,1
4A,10:35,Autobusová stanica cez Nový Juh,1,-,2
4A,10:55,Autobusová stanica cez Nový Juh,1,-,1
4A,11:00,Autobusová stanica cez Nový Juh,1,-,1
4A,11:15,Autobusová stanica cez Nový Juh,1,-,2
4A,11:30,Autobusová stanica cez Nový Juh,1,-,1
4A,11:35,Autobusová stanica cez Nový Juh,1,-,1
4A,11:55,Autobusová stanica cez Nový Juh,1,-,2
4A,12:00,Autobusová stanica cez Nový Juh,1,-,1
4A,12:15,Autobusová stanica cez Nový Juh,1,-,1
4A,12:30,Autobusová stanica cez Nový Juh,1,-,2
4A,12:35,Autobusová stanica cez Nový Juh,1,-,1
4A,12:55,Autobusová stanica cez Nový Juh,1,-,1
4A,13:00,Autobusová stanica cez Nový Juh,1,-,2
4A,13:15,Autobusová stanica cez Nový Juh,1,-,1
4A,13:30,Autobusová stanica cez Nový Juh,1,-,2
4A,13:35,Autobusová stanica cez Nový Juh,1,-,1
4A,13:55,Autobusová stanica cez Nový Juh,1,-,1
4A,14:15,Autobusová stanica cez Nový Juh,1,-,1
4A,14:35,Autobusová stanica cez Nový Juh,1,-,1
4A,14:55,Autobusová stanica cez Nový Juh,1,-,1
4A,15:15,Autobusová stanica cez Nový Juh,1,-,1
4A,15:35,Autobusová stanica cez Nový Juh,1,-,1
4A,15:55,Autobusová stanica cez Nový Juh,1,-,1
4A,16:15,Autobusová stanica cez Nový Juh,1,-,1
4A,16:35,Autobusová stanica cez Nový Juh,1,-,1
4A,17:00,Autobusová stanica cez Nový Juh,1,-,1
4A,17:30,Autobusová stanica cez Nový Juh,1,-,1
4A,18:00,Autobusová stanica cez Nový Juh,1,-,1
4A,18:30,Autobusová stanica cez Nový Juh,1,-,1
5A,05:18,Autobusová stanica cez Nový Juh,1,-,1
5A,05:38,Autobusová stanica cez Nový Juh,1,-,1
5A,05:58,Autobusová stanica cez Nový Juh,1,-,1
5A,06:08,Autobusová stanica cez Nový Juh,1,-,2
5A,06:18,Autobusová stanica cez Nový Juh,1,-,1
5A,06:38,Autobusová stanica cez Nový Juh,1,-,1
5A,06:53,Autobusová stanica cez Nový Juh,1,-,2
5A,06:58,Autobusová stanica cez Nový Juh,1,-,1
5A,07:08,Autobusová stanica cez Nový Juh,1,-,1
5A,07:18,Autobusová stanica cez Nový Juh,1,-,1
5A,07:23,Autobusová stanica cez Nový Juh,1,-,1
5A,07:38,Autobusová stanica cez Nový Juh,1,-,1
5A,07:58,Autobusová stanica cez Nový Juh,1,-,1
5A,08:18,Autobusová stanica cez Nový Juh,1,-,1
5A,08:38,Autobusová stanica cez Nový Juh,1,-,1
5A,08:58,Autobusová stanica cez Nový Juh,1,-,1
5A,09:18,Autobusová stanica cez Nový Juh,1,-,1
5A,09:38,Autobusová stanica cez Nový Juh,1,-,1
5A,09:58,Autobusová stanica cez Nový Juh,1,-,2
5A,10:03,Autobusová stanica cez Nový Juh,1,-,1
5A,10:18,Autobusová stanica cez Nový Juh,1,-,2
5A,10:33,Autobusová stanica cez Nový Juh,1,-,1
5A,10:38,Autobusová stanica cez Nový Juh,1,-,2
5A,10:58,Autobusová stanica cez Nový Juh,1,-,1
5A,11:03,Autobusová stanica cez Nový Juh,1,-,1
5A,11:18,Autobusová stanica cez Nový Juh,1,-,2
5A,11:33,Autobusová stanica cez Nový Juh,1,-,1
5A,11:38,Autobusová stanica cez Nový Juh,1,-,1
5A,11:58,Autobusová stanica cez Nový Juh,1,-,2
5A,12:03,Autobusová stanica cez Nový Juh,1,-,1
5A,12:18,Autobusová stanica cez Nový Juh,1,-,1
5A,12:33,Autobusová stanica cez Nový Juh,1,-,2
5A,12:38,Autobusová stanica cez Nový Juh,1,-,1
5A,12:58,Autobusová stanica cez Nový Juh,1,-,1
5A,13:03,Autobusová stanica cez Nový Juh,1,-,2
5A,13:18,Autobusová stanica cez Nový Juh,1,-,1
5A,13:33,Autobusová stanica cez Nový Juh,1,-,2
5A,13:38,Autobusová stanica cez Nový Juh,1,-,1
5A,13:58,Autobusová stanica cez Nový Juh,1,-,1
5A,14:18,Autobusová stanica cez Nový Juh,1,-,1
5A,14:38,Autobusová stanica cez Nový Juh,1,-,1
5A,14:58,Autobusová stanica cez Nový Juh,1,-,1
5A,15:18,Autobusová stanica cez Nový Juh,1,-,1
5A,15:38,Autobusová stanica cez Nový Juh,1,-,1
5A,15:58,Autobusová stanica cez Nový Juh,1,-,1
5A,16:18,Autobusová stanica cez Nový Juh,1,-,1
5A,16:38,Autobusová stanica cez Nový Juh,1,-,1
5A,17:03,Autobusová stanica cez Nový Juh,1,-,1
5A,17:33,Autobusová stanica cez Nový Juh,1,-,1
5A,18:03,Autobusová stanica cez Nový Juh,1,-,1
5A,18:33,Autobusová stanica cez Nový Juh,1,-,1
6A,05:00,Autobusová stanica,1,-,1
6A,05:20,Autobusová stanica,1,-,1
6A,05:40,Autobusová stanica,1,-,1
6A,05:55,Autobusová stanica,1,-,1
6A,06:00,Autobusová stanica,1,-,1
6A,06:10,Autobusová stanica,1,-,2
6A,06:20,Autobusová stanica,1,-,1
6A,06:25,Autobusová stanica,1,-,1
6A,06:40,Autobusová stanica,1,-,1
6A,06:55,Autobusová stanica,1,-,2
6A,07:00,Autobusová stanica,1,-,1
6A,07:10,Autobusová stanica,1,-,1
6A,07:20,Autobusová stanica,1,-,1
6A,07:25,Autobusová stanica,1,-,1
6A,07:40,Autobusová stanica,1,-,1
6A,08:00,Autobusová stanica,1,-,1
6A,08:20,Autobusová stanica,1,-,1
6A,08:40,Autobusová stanica,1,-,1
6A,09:00,Autobusová stanica,1,-,1
6A,09:20,Autobusová stanica,1,-,1
6A,09:40,Autobusová stanica,1,-,1
6A,10:00,Autobusová stanica,1,-,1
6A,10:05,Autobusová stanica,1,-,1
6A,10:20,Autobusová stanica,1,-,2
6A,10:35,Autobusová stanica,1,-,1
6A,10:40,Autobusová stanica,1,-,2
6A,11:00,Autobusová stanica,1,-,1
6A,11:05,Autobusová stanica,1,-,1
6A,11:20,Autobusová stanica,1,-,2
6A,11:35,Autobusová stanica,1,-,1
6A,11:40,Autobusová stanica,1,-,1
6A,12:00,Autobusová stanica,1,-,2
6A,12:05,Autobusová stanica,1,-,1
6A,12:20,Autobusová stanica,1,-,1
6A,12:35,Autobusová stanica,1,-,2
6A,12:40,Autobusová stanica,1,-,1
6A,13:00,Autobusová stanica,1,-,1
6A,13:05,Autobusová stanica,1,-,2
6A,13:20,Autobusová stanica,1,-,1
6A,13:35,Autobusová stanica,1,-,2
6A,13:40,Autobusová stanica,1,-,1
6A,14:00,Autobusová stanica,1,-,1
6A,14:20,Autobusová stanica,1,-,1
6A,14:40,Autobusová stanica,1,-,1
6A,14:50,Autobusová stanica,1,-,1
6A,15:00,Autobusová stanica,1,-,1
6A,15:20,Autobusová stanica,1,-,1
6A,15:40,Autobusová stanica,1,-,1
6A,16:00,Autobusová stanica,1,-,1
6A,16:20,Autobusová stanica,1,-,1
6A,16:40,Autobusová stanica,1,-,1
6A,17:05,Autobusová stanica,1,-,1
6A,17:35,Autobusová stanica,1,-,1
6A,18:05,Autobusová stanica,1,-,1
6A,18:35,Autobusová stanica,1,-,1
7,05:02,Autobusová stanica,1,-,1
7,05:22,Autobusová stanica,1,-,1
7,05:42,Autobusová stanica,1,-,1
7,05:57,Autobusová stanica,1,-,1
7,06:02,Autobusová stanica,1,-,1
7,06:12,Autobusová stanica,1,-,2
7,06:22,Autobusová stanica,1,-,1
7,06:27,Autobusová stanica,1,-,1
7,06:42,Autobusová stanica,1,-,1
7,06:57,Autobusová stanica,1,-,2
7,07:02,Autobusová stanica,1,-,1
7,07:12,Autobusová stanica,1,-,1
7,07:22,Autobusová stanica,1,-,1
7,07:27,Autobusová stanica,1,-,1
7,07:42,Autobusová stanica,1,-,1
7,08:02,Autobusová stanica,1,-,1
7,08:22,Autobusová stanica,1,-,1
7,08:42,Autobusová stanica,1,-,1
7,09:02,Autobusová stanica,1,-,1
7,09:22,Autobusová stanica,1,-,1
7,09:42,Autobusová stanica,1,-,1
7,10:02,Autobusová stanica,1,-,1
7,10:07,Autobusová stanica,1,-,1
7,10:22,Autobusová stanica,1,-,2
7,10:37,Autobusová stanica,1,-,1
7,10:42,Autobusová stanica,1,-,2
7,11:02,Autobusová stanica,1,-,1
7,11:07,Autobusová stanica,1,-,1
7,11:22,Autobusová stanica,1,-,2
7,11:37,Autobusová stanica,1,-,1
7,11:42,Autobusová stanica,1,-,1
7,12:02,Autobusová stanica,1,-,2
7,12:07,Autobusová stanica,1,-,1
7,12:22,Autobusová stanica,1,-,1
7,12:37,Autobusová stanica,1,-,2
7,12:42,Autobusová stanica,1,-,1
7,13:02,Autobusová stanica,1,-,1
7,13:07,Autobusová stanica,1,-,2
7,13:22,Autobusová stanica,1,-,1
7,13:37,Autobusová stanica,1,-,2
7,13:42,Autobusová stanica,1,-,1
7,14:02,Autobusová stanica,1,-,1
7,14:22,Autobusová stanica,1,-,1
7,14:42,Autobusová stanica,1,-,1
7,14:52,Autobusová stanica,1,-,1
7,15:02,Autobusová stanica,1,-,1
7,15:22,Autobusová stanica,1,-,1
7,15:42,Autobusová stanica,1,-,1
7,16:02,Autobusová stanica,1,-,1
7,16:22,Autobusová stanica,1,-,1
7,16:42,Autobusová stanica,1,-,1
7,17:07,Autobusová stanica,1,-,1
7,17:37,Autobusová stanica,1,-,1
7,18:07,Autobusová stanica,1,-,1
7,18:37,Autobusová stanica,1,-,1
8,05:04,Autobusová stanica,1,-,1
8,05:24,Autobusová stanica,1,-,1
8,05:44,Autobusová stanica,1,-,1
8,05:59,Autobusová stanica,1,-,1
8,06:04,Autobusová stanica,1,-,1
8,06:14,Autobusová stanica,1,-,2
8,06:24,Autobusová stanica,1,-,1
8,06:29,Autobusová stanica,1,-,1
8,06:44,Autobusová stanica,1,-,1
8,06:59,Autobusová stanica,1,-,2
8,07:04,Autobusová stanica,1,-,1
8,07:14,Autobusová stanica,1,-,1
8,07:24,Autobusová stanica,1,-,1
8,07:29,Autobusová stanica,1,-,1
8,07:44,Autobusová stanica,1,-,1
8,08:04,Autobusová stanica,1,-,1
8,08:24,Autobusová stanica,1,-,1
8,08:44,Autobusová stanica,1,-,1
8,09:04,Autobusová stanica,1,-,1
8,09:24,Autobusová stanica,1,-,1
8,09:44,Autobusová stanica,1,-,1
8,10:04,Autobusová stanica,1,-,1
8,10:09,Autobusová stanica,1,-,1
8,10:24,Autobusová stanica,1,-,2
8,10:39,Autobusová stanica,1,-,1
8,10:44,Autobusová stanica,1,-,2
8,11:04,Autobusová stanica,1,-,1
8,11:09,Autobusová stanica,1,-,1
8,11:24,Autobusová stanica,1,-,2
8,11:39,Autobusová stanica,1,-,1
8,11:44,Autobusová stanica,1,-,1
8,12:04,Autobusová stanica,1,-,2
8,12:09,Autobusová stanica,1,-,1
8,12:24,Autobusová stanica,1,-,1
8,12:39,Autobusová stanica,1,-,2
8,12:44,Autobusová stanica,1,-,1
8,13:04,Autobusová stanica,1,-,1
8,13:09,Autobusová stanica,1,-,2
8,13:24,Autobusová stanica,1,-,1
8,13:39,Autobusová stanica,1,-,2
8,13:44,Autobusová stanica,1,-,1
8,14:04,Autobusová stanica,1,-,1
8,14:24,Autobusová stanica,1,-,1
8,14:44,Autobusová stanica,1,-,1
8,14:54,Autobusová stanica,1,-,1
8,15:04,Autobusová stanica,1,-,1
8,15:24,Autobusová stanica,1,-,1
8,15:44,Autobusová stanica,1,-,1
8,16:04,Autobusová stanica,1,-,1
8,16:24,Autobusová stanica,1,-,1
8,16:44,Autobusová stanica,1,-,1
8,17:09,Autobusová stanica,1,-,1
8,17:39,Autobusová stanica,1,-,1
8,18:09,Autobusová stanica,1,-,1
8,18:39,Autobusová stanica,1,-,1
9,05:05,Autobusová stanica,1,-,1
9,05:25,Autobusová stanica,1,-,1
9,05:45,Autobusová stanica,1,-,1
9,06:00,Autobusová stanica,1,-,1
9,06:05,Autobusová stanica,1,-,1
9,06:15,Autobusová stanica,1,-,2
9,06:25,Autobusová stanica,1,-,1
9,06:30,Autobusová stanica,1,-,1
9,06:45,Autobusová stanica,1,-,1
9,07:00,Autobusová stanica,1,-,2
9,07:05,Autobusová stanica,1,-,1
9,07:15,Autobusová stanica,1,-,1
9,07:25,Autobusová stanica,1,-,1
9,07:30,Autobusová stanica,1,-,1
9,07:45,Autobusová stanica,1,-,1
9,08:05,Autobusová stanica,1,-,1
9,08:25,Autobusová stanica,1,-,1
9,08:45,Autobusová stanica,1,-,1
9,09:05,Autobusová stanica,1,-,1
9,09:25,Autobusová stanica,1,-,1
9,09:45,Autobusová stanica,1,-,1
9,10:05,Autobusová stanica,1,-,1
9,10:10,Autobusová stanica,1,-,1
9,10:25,Autobusová stanica,1,-,2
9,10:40,Autobusová stanica,1,-,1
9,10:45,Autobusová stanica,1,-,2
9,11:05,Autobusová stanica,1,-,1
9,11:10,Autobusová stanica,1,-,1
9,11:25,Autobusová stanica,1,-,2
9,11:40,Autobusová stanica,1,-,1
9,11:45,Autobusová stanica,1,-,1
9,12:05,Autobusová stanica,1,-,2
9,12:10,Autobusová stanica,1,-,1
9,12:25,Autobusová stanica,1,-,1
9,12:40,Autobusová stanica,1,-,2
9,12:45,Autobusová stanica,1,-,1
9,13:05,Autobusová stanica,1,-,1
9,13:10,Autobusová stanica,1,-,2
9,13:25,Autobusová stanica,1,-,1
9,13:40,Autobusová stanica,1,-,2
9,13:45,Autobusová stanica,1,-,1
9,14:05,Autobusová stanica,1,-,1
9,14:25,Autobusová stanica,1,-,1
9,14:45,Autobusová stanica,1,-,1
9,14:55,Autobusová stanica,1,-,1
9,15:05,Autobusová stanica,1,-,1
9,15:25,Autobusová stanica,1,-,1
9,15:45,Autobusová stanica,1,-,1
9,16:05,Autobusová stanica,1,-,1
9,16:25,Autobusová stanica,1,-,1
9,16:45,Autobusová stanica,1,-,1
9,17:10,Autobusová stanica,1,-,1
9,17:40,Autobusová stanica,1,-,1
9,18:10,Autobusová stanica,1,-,1
9,18:40,Autobusová stanica,1,-,1
10,05:06,Autobusová stanica,1,-,1
10,05:26,Autobusová stanica,1,-,1
10,05:46,Autobusová stanica,1,-,1
10,06:01,Autobusová stanica,1,-,1
10,06:06,Autobusová stanica,1,-,1
10,06:16,Autobusová stanica,1,-,2
10,06:26,Autobusová stanica,1,-,1
10,06:31,Autobusová stanica,1,-,1
10,06:46,Autobusová stanica,1,-,1
10,07:01,Autobusová stanica,1,-,2
10,07:06,Autobusová stanica,1,-,1
10,07:16,Autobusová stanica,1,-,1
10,07:26,Autobusová stanica,1,-,1
10,07:31,Autobusová stanica,1,-,1
10,07:46,Autobusová stanica,1,-,1
10,08:06,Autobusová stanica,1,-,1
10,08:26,Autobusová stanica,1,-,1
10,08:46,Autobusová stanica,1,-,1
10,09:06,Autobusová stanica,1,-,1
10,09:26,Autobusová stanica,1,-,1
10,09:46,Autobusová stanica,1,-,1
10,10:06,Autobusová stanica,1,-,1
10,10:11,Autobusová stanica,1,-,1
10,10:26,Autobusová stanica,1,-,2
10,10:41,Autobusová stanica,1,-,1
10,10:46,Autobusová stanica,1,-,2
10,11:06,Autobusová stanica,1,-,1
10,11:11,Autobusová stanica,1,-,1
10,11:26,Autobusová stanica,1,-,2
10,11:41,Autobusová stanica,1,-,1
10,11:46,Autobusová stanica,1,-,1
10,12:06,Autobusová stanica,1,-,2
10,12:11,Autobusová stanica,1,-,1
10,12:26,Autobusová stanica,1,-,1
10,12:41,Autobusová stanica,1,-,2
10,12:46,Autobusová stanica,1,-,1
10,13:06,Autobusová stanica,1,-,1
10,13:11,Autobusová stanica,1,-,2
10,13:26,Autobusová stanica,1,-,1
10,13:41,Autobusová stanica,1,-,2
10,13:46,Autobusová stanica,1,-,1
10,14:06,Autobusová stanica,1,-,1
10,14:26,Autobusová stanica,1,-,1
10,14:46,Autobusová stanica,1,-,1
10,14:56,Autobusová stanica,1,-,1
10,15:06,Autobusová stanica,1,-,1
10,15:26,Autobusová stanica,1,-,1
10,15:46,Autobusová stanica,1,-,1
10,16:06,Autobusová stanica,1,-,1
10,16:26,Autobusová stanica,1,-,1
10,16:46,Autobusová stanica,1,-,1
10,17:11,Autobusová stanica,1,-,1
10,17:41,Autobusová stanica,1,-,1
10,18:11,Autobusová stanica,1,-,1
10,18:41,Autobusová stanica,1,-,1
5B,05:08,Autobusová stanica,1,-,1
5B,05:28,Autobusová stanica,1,-,1
5B,05:48,Autobusová stanica,1,-,1
5B,06:03,Autobusová stanica,1,-,1
5B,06:08,Autobusová stanica,1,-,1
5B,06:18,Autobusová stanica,1,-,2
5B,06:28,Autobusová stanica,1,-,1
5B,06:33,Autobusová stanica,1,-,1
5B,06:48,Autobusová stanica,1,-,1
5B,07:03,Autobusová stanica,1,-,2
5B,07:08,Autobusová stanica,1,-,1
5B,07:18,Autobusová stanica,1,-,1
5B,07:28,Autobusová stanica,1,-,1
5B,07:33,Autobusová stanica,1,-,1
5B,07:48,Autobusová stanica,1,-,1
5B,08:08,Autobusová stanica,1,-,1
5B,08:28,Autobusová stanica,1,-,1
5B,08:48,Autobusová stanica,1,-,1
5B,09:08,Autobusová stanica,1,-,1
5B,09:28,Autobusová stanica,1,-,1
5B,09:48,Autobusová stanica,1,-,1
5B,10:08,Autobusová stanica,1,-,1
5B,10:13,Autobusová stanica,1,-,1
5B,10:28,Autobusová stanica,1,-,2
5B,10:43,Autobusová stanica,1,-,1
5B,10:48,Autobusová stanica,1,-,2
5B,11:08,Autobusová stanica,1,-,1
5B,11:13,Autobusová stanica,1,-,1
5B,11:28,Autobusová stanica,1,-,2
5B,11:43,Autobusová stanica,1,-,1
5B,11:48,Autobusová stanica,1,-,1
5B,12:08,Autobusová stanica,1,-,2
5B,12:13,Autobusová stanica,1,-,1
5B,12:28,Autobusová stanica,1,-,1
5B,12:43,Autobusová stanica,1,-,2
5B,12:48,Autobusová stanica,1,-,1
5B,13:08,Autobusová stanica,1,-,1
5B,13:13,Autobusová stanica,1,-,2
5B,13:28,Autobusová stanica,1,-,1
5B,13:43,Autobusová stanica,1,-,2
5B,13:48,Autobusová stanica,1,-,1
5B,14:08,Autobusová stanica,1,-,1
5B,14:28,Autobusová stanica,1,-,1
5B,14:48,Autobusová stanica,1,-,1
5B,14:58,Autobusová stanica,1,-,1
5B,15:08,Autobusová stanica,1,-,1
5B,15:28,Autobusová stanica,1,-,1
5B,15:48,Autobusová stanica,1,-,1
5B,16:08,Autobusová stanica,1,-,1
5B,16:28,Autobusová stanica,1,-,1
5B,16:48,Autobusová stanica,1,-,1
5B,17:13,Autobusová stanica,1,-,1
5B,17:43,Autobusová stanica,1,-,1
5B,18:13,Autobusová stanica,1,-,1
5B,18:43,Autobusová stanica,1,-,1
4B,05:10,Autobusová stanica,1,-,1
4B,05:30,Autobusová stanica,1,-,1
4B,05:50,Autobusová stanica,1,-,1
4B,06:05,Autobusová stanica,1,-,1
4B,06:10,Autobusová stanica,1,-,1
4B,06:20,Autobusová stanica,1,-,2
4B,06:30,Autobusová stanica,1,-,1
4B,06:35,Autobusová stanica,1,-,1
4B,06:50,Autobusová stanica,1,-,1
4B,07:05,Autobusová stanica,1,-,2
4B,07:10,Autobusová stanica,1,-,1
4B,07:20,Autobusová stanica,1,-,1
4B,07:30,Autobusová stanica,1,-,1
4B,07:35,Autobusová stanica,1,-,1
4B,07:50,Autobusová stanica,1,-,1
4B,08:10,Autobusová stanica,1,-,1
4B,08:30,Autobusová stanica,1,-,1
4B,08:50,Autobusová stanica,1,-,1
4B,09:10,Autobusová stanica,1,-,1
4B,09:30,Autobusová stanica,1,-,1
4B,09:50,Autobusová stanica,1,-,1
4B,10:10,Autobusová stanica,1,-,1
4B,10:15,Autobusová stanica,1,-,1
4B,10:30,Autobusová stanica,1,-,2
4B,10:45,Autobusová stanica,1,-,1
4B,10:48,Autobusová stanica,1,-,2
4B,11:10,Autobusová stanica,1,-,1
4B,11:15,Autobusová stanica,1,-,1
4B,11:30,Autobusová stanica,1,-,2
4B,11:45,Autobusová stanica,1,-,1
4B,11:50,Autobusová stanica,1,-,1
4B,12:10,Autobusová stanica,1,-,2
4B,12:15,Autobusová stanica,1,-,1
4B,12:30,Autobusová stanica,1,-,1
4B,12:45,Autobusová stanica,1,-,2
4B,12:50,Autobusová stanica,1,-,1
4B,13:10,Autobusová stanica,1,-,1
4B,13:15,Autobusová stanica,1,-,2
4B,13:30,Autobusová stanica,1,-,1
4B,13:45,Autobusová stanica,1,-,2
4B,13:50,Autobusová stanica,1,-,1
4B,14:10,Autobusová stanica,1,-,1
4B,14:30,Autobusová stanica,1,-,1
4B,14:50,Autobusová stanica,1,-,1
4B,15:00,Autobusová stanica,1,-,1
4B,15:10,Autobusová stanica,1,-,1
4B,15:30,Autobusová stanica,1,-,1
4B,15:40,Autobusová stanica,1,-,1
4B,16:10,Autobusová stanica,1,-,1
4B,16:30,Autobusová stanica,1,-,1
4B,16:50,Autobusová stanica,1,-,1
4B,17:15,Autobusová stanica,1,-,1
4B,17:45,Autobusová stanica,1,-,1
4B,18:15,Autobusová stanica,1,-,1
4B,18:45,Autobusová stanica,1,-,1
3B,05:12,Autobusová stanica,1,-,1
3B,05:32,Autobusová stanica,1,-,1
3B,05:52,Autobusová stanica,1,-,1
3B,06:07,Autobusová stanica,1,-,1
3B,06:12,Autobusová stanica,1,-,1
3B,06:22,Autobusová stanica,1,-,2
3B,06:32,Autobusová stanica,1,-,1
3B,06:37,Autobusová stanica,1,-,1
3B,06:52,Autobusová stanica,1,-,1
3B,07:07,Autobusová stanica,1,-,2
3B,07:12,Autobusová stanica,1,-,1
3B,07:22,Autobusová stanica,1,-,1
3B,07:32,Autobusová stanica,1,-,1
3B,07:37,Autobusová stanica,1,-,1
3B,07:52,Autobusová stanica,1,-,1
3B,08:12,Autobusová stanica,1,-,1
3B,08:32,Autobusová stanica,1,-,1
3B,08:52,Autobusová stanica,1,-,1
3B,09:12,Autobusová stanica,1,-,1
3B,09:32,Autobusová stanica,1,-,1
3B,09:52,Autobusová stanica,1,-,1
3B,10:12,Autobusová stanica,1,-,1
3B,10:17,Autobusová stanica,1,-,1
3B,10:32,Autobusová stanica,1,-,2
3B,10:47,Autobusová stanica,1,-,1
3B,10:50,Autobusová stanica,1,-,2
3B,11:12,Autobusová stanica,1,-,1
3B,11:17,Autobusová stanica,1,-,1
3B,11:32,Autobusová stanica,1,-,2
3B,11:47,Autobusová stanica,1,-,1
3B,11:52,Autobusová stanica,1,-,1
3B,12:12,Autobusová stanica,1,-,2
3B,12:17,Autobusová stanica,1,-,1
3B,12:32,Autobusová stanica,1,-,1
3B,12:47,Autobusová stanica,1,-,2
3B,12:52,Autobusová stanica,1,-,1
3B,13:12,Autobusová stanica,1,-,1
3B,13:17,Autobusová stanica,1,-,2
3B,13:32,Autobusová stanica,1,-,1
3B,13:47,Autobusová stanica,1,-,2
3B,13:52,Autobusová stanica,1,-,1
3B,14:12,Autobusová stanica,1,-,1
3B,14:32,Autobusová stanica,1,-,1
3B,14:52,Autobusová stanica,1,-,1
3B,15:02,Autobusová stanica,1,-,1
3B,15:12,Autobusová stanica,1,-,1
3B,15:32,Autobusová stanica,1,-,1
3B,15:42,Autobusová stanica,1,-,1
3B,16:12,Autobusová stanica,1,-,1
3B,16:32,Autobusová stanica,1,-,1
3B,16:52,Autobusová stanica,1,-,1
3B,17:17,Autobusová stanica,1,-,1
3B,17:47,Autobusová stanica,1,-,1
3B,18:17,Autobusová stanica,1,-,1
3B,18:47,Autobusová stanica,1,-,1
2A,05:13,Autobusová stanica,1,-,1
2A,05:33,Autobusová stanica,1,-,1
2A,05:53,Autobusová stanica,1,-,1
2A,06:08,Autobusová stanica,1,-,1
2A,06:13,Autobusová stanica,1,-,1
2A,06:23,Autobusová stanica,1,-,2
2A,06:33,Autobusová stanica,1,-,1
2A,06:38,Autobusová stanica,1,-,1
2A,06:53,Autobusová stanica,1,-,1
2A,07:08,Autobusová stanica,1,-,2
2A,07:13,Autobusová stanica,1,-,1
2A,07:23,Autobusová stanica,1,-,1
2A,07:33,Autobusová stanica,1,-,1
2A,07:38,Autobusová stanica,1,-,1
2A,07:53,Autobusová stanica,1,-,1
2A,08:13,Autobusová stanica,1,-,1
2A,08:33,Autobusová stanica,1,-,1
2A,08:53,Autobusová stanica,1,-,1
2A,09:13,Autobusová stanica,1,-,1
2A,09:33,Autobusová stanica,1,-,1
2A,09:53,Autobusová stanica,1,-,1
2A,10:13,Autobusová stanica,1,-,1
2A,10:18,Autobusová stanica,1,-,1
2A,10:33,Autobusová stanica,1,-,2
2A,10:48,Autobusová stanica,1,-,1
2A,10:53,Autobusová stanica,1,-,2
2A,11:13,Autobusová stanica,1,-,1
2A,11:18,Autobusová stanica,1,-,1
2A,11:33,Autobusová stanica,1,-,2
2A,11:48,Autobusová stanica,1,-,1
2A,11:53,Autobusová stanica,1,-,1
2A,12:13,Autobusová stanica,1,-,2
2A,12:18,Autobusová stanica,1,-,1
2A,12:33,Autobusová stanica,1,-,1
2A,12:48,Autobusová stanica,1,-,2
2A,12:53,Autobusová stanica,1,-,1
2A,13:13,Autobusová stanica,1,-,1
2A,13:18,Autobusová stanica,1,-,2
2A,13:33,Autobusová stanica,1,-,1
2A,13:48,Autobusová stanica,1,-,2
2A,13:53,Autobusová stanica,1,-,1
2A,14:13,Autobusová stanica,1,-,1
2A,14:33,Autobusová stanica,1,-,1
2A,14:53,Autobusová stanica,1,-,1
2A,15:03,Autobusová stanica,1,-,1
2A,15:13,Autobusová stanica,1,-,1
2A,15:33,Autobusová stanica,1,-,1
2A,15:43,Autobusová stanica,1,-,1
2A,16:13,Autobusová stanica,1,-,1
2A,16:33,Autobusová stanica,1,-,1
2A,16:53,Autobusová stanica,1,-,1
2A,17:18,Autobusová stanica,1,-,1
2A,17:48,Autobusová stanica,1,-,1
2A,18:18,Autobusová stanica,1,-,1
2A,18:48,Autobusová stanica,1,-,1
1C,-,,1,05:15,1
1C,-,,1,05:35,1
1C,-,,1,05:55,1
1C,-,,1,06:10,1
1C,-,,1,06:15,1
1C,-,,1,06:26,2
1C,-,,1,06:36,1
1C,-,,1,06:41,1
1C,-,,1,06:56,1
1C,-,,1,07:11,2
1C,-,,1,07:16,1
1C,-,,1,07:26,1
1C,-,,1,07:36,1
1C,-,,1,07:41,1
1C,-,,1,07:56,1
1C,-,,1,08:16,1
1C,-,,1,08:36,1
1C,-,,1,08:56,1
1C,-,,1,09:16,1
1C,-,,1,09:36,1
1C,-,,1,09:56,1
1C,-,,1,10:16,1
1C,-,,1,10:21,1
1C,-,,1,10:36,2
1C,-,,1,10:51,1
1C,-,,1,10:56,2
1C,-,,1,11:16,1
1C,-,,1,11:21,1
1C,-,,1,11:36,2
1C,-,,1,11:51,1
1C,-,,1,11:56,1
1C,-,,1,12:16,2
1C,-,,1,12:21,1
1C,-,,1,12:36,1
1C,-,,1,12:51,2
1C,-,,1,12:56,1
1C,-,,1,13:16,1
1C,-,,1,13:21,2
1C,-,,1,13:36,1
1C,-,,1,13:51,2
1C,-,,1,13:56,1
1C,-,,1,14:16,1
1C,-,,1,14:36,1
1C,-,,1,14:56,1
1C,-,,1,15:06,1
1C,-,,1,15:16,1
1C,-,,1,15:36,1
1C,-,,1,15:46,1
1C,-,,1,16:16,1
1C,-,,1,16:36,1
1C,-,,1,16:56,1
1C,-,,1,17:21,1
1C,-,,1,17:51,1
1C,-,,1,18:21,1
1C,-,,1,18:51,1
1A,04:45,Autobusová stanica cez Nový Juh,8,-,3
1A,05:45,Autobusová stanica cez Nový Juh,8,-,3
1A,06:45,Autobusová stanica cez Nový Juh,8,-,3
1A,07:45,Autobusová stanica cez Nový Juh,8,-,3
1A,08:15,Autobusová stanica cez Nový Juh,8,-,3
1A,08:45,Autobusová stanica cez Nový Juh,8,-,3
1A,09:15,Autobusová stanica cez Nový Juh,8,-,3
1A,09:45,Autobusová stanica cez Nový Juh,8,-,3
1A,10:15,Autobusová stanica cez Nový Juh,8,-,3
1A,10:45,Autobusová stanica cez Nový Juh,8,-,3
1A,11:15,Autobusová stanica cez Nový Juh,8,-,3
1A,11:45,Autobusová stanica cez Nový Juh,8,-,3
1A,12:45,Autobusová stanica cez Nový Juh,8,-,3
1A,13:45,Autobusová stanica cez Nový Juh,8,-,3
1A,14:45,Autobusová stanica cez Nový Juh,8,-,3
1A,15:45,Autobusová stanica cez Nový Juh,8,-,3
1A,16:45,Autobusová stanica cez Nový Juh,8,-,3
1A,17:45,Autobusová stanica cez Nový Juh,8,-,3
1A,18:45,Autobusová stanica cez Nový Juh,8,-,3
1A,19:15,Autobusová stanica cez Nový Juh,8,-,4
1A,19:45,Autobusová stanica cez Nový Juh,8,-,5
1A,20:15,Autobusová stanica cez Nový Juh,8,-,4
1A,20:45,Autobusová stanica cez Nový Juh,8,-,5
1A,21:15,Autobusová stanica cez Nový Juh,8,-,4
1A,21:45,Autobusová stanica cez Nový Juh,8,-,4
2B,04:46,Autobusová stanica cez Nový Juh,8,-,3
2B,05:46,Autobusová stanica cez Nový Juh,8,-,3
2B,06:46,Autobusová stanica cez Nový Juh,8,-,3
2B,07:46,Autobusová stanica cez Nový Juh,8,-,3
2B,08:16,Autobusová stanica cez Nový Juh,8,-,3
2B,08:46,Autobusová stanica cez Nový Juh,8,-,3
2B,09:16,Autobusová stanica cez Nový Juh,8,-,3
2B,09:46,Autobusová stanica cez Nový Juh,8,-,3
2B,10:16,Autobusová stanica cez Nový Juh,8,-,3
2B,10:46,Autobusová stanica cez Nový Juh,8,-,3
2B,11:16,Autobusová stanica cez Nový Juh,8,-,3
2B,11:46,Autobusová stanica cez Nový Juh,8,-,3
2B,12:46,Autobusová stanica cez Nový Juh,8,-,3
2B,13:46,Autobusová stanica cez Nový Juh,8,-,3
2B,14:46,Autobusová stanica cez Nový Juh,8,-,3
2B,15:46,Autobusová stanica cez Nový Juh,8,-,3
2B,16:46,Autobusová stanica cez Nový Juh,8,-,3
2B,17:46,Autobusová stanica cez Nový Juh,8,-,3
2B,18:46,Autobusová stanica cez Nový Juh,8,-,3
2B,19:16,Autobusová stanica cez Nový Juh,8,-,4
2B,19:46,Autobusová stanica cez Nový Juh,8,-,5
2B,20:16,Autobusová stanica cez Nový Juh,8,-,4
2B,20:46,Autobusová stanica cez Nový Juh,8,-,5
2B,21:16,Autobusová stanica cez Nový Juh,8,-,3
2B,21:46,Autobusová stanica cez Nový Juh,8,-,4
3A,04:47,Autobusová stanica cez Nový Juh,8,-,3
3A,05:47,Autobusová stanica cez Nový Juh,8,-,3
3A,06:47,Autobusová stanica cez Nový Juh,8,-,3
3A,07:47,Autobusová stanica cez Nový Juh,8,-,3
3A,08:17,Autobusová stanica cez Nový Juh,8,-,3
3A,08:47,Autobusová stanica cez Nový Juh,8,-,3
3A,09:17,Autobusová stanica cez Nový Juh,8,-,3
3A,09:47,Autobusová stanica cez Nový Juh,8,-,3
3A,10:17,Autobusová stanica cez Nový Juh,8,-,3
3A,10:47,Autobusová stanica cez Nový Juh,8,-,3
3A,11:17,Autobusová stanica cez Nový Juh,8,-,3
3A,11:47,Autobusová stanica cez Nový Juh,8,-,3
3A,12:47,Autobusová stanica cez Nový Juh,8,-,3
3A,13:47,Autobusová stanica cez Nový Juh,8,-,3
3A,14:47,Autobusová stanica cez Nový Juh,8,-,3
3A,15:47,Autobusová stanica cez Nový Juh,8,-,3
3A,16:47,Autobusová stanica cez Nový Juh,8,-,3
3A,17:47,Autobusová stanica cez Nový Juh,8,-,3
3A,18:47,Autobusová stanica cez Nový Juh,8,-,3
3A,19:17,Autobusová stanica cez Nový Juh,8,-,4
3A,19:47,Autobusová stanica cez Nový Juh,8,-,5
3A,20:17,Autobusová stanica cez Nový Juh,8,-,4
3A,20:47,Autobusová stanica cez Nový Juh,8,-,5
3A,21:17,Autobusová stanica cez Nový Juh,8,-,3
3A,21:47,Autobusová stanica cez Nový Juh,8,-,4
4A,04:49,Autobusová stanica cez Nový Juh,8,-,3
4A,05:49,Autobusová stanica cez Nový Juh,8,-,3
4A,06:49,Autobusová stanica cez Nový Juh,8,-,3
4A,07:49,Autobusová stanica cez Nový Juh,8,-,3
4A,08:19,Autobusová stanica cez Nový Juh,8,-,3
4A,08:49,Autobusová stanica cez Nový Juh,8,-,3
4A,09:19,Autobusová stanica cez Nový Juh,8,-,3
4A,09:49,Autobusová stanica cez Nový Juh,8,-,3
4A,10:19,Autobusová stanica cez Nový Juh,8,-,3
4A,10:49,Autobusová stanica cez Nový Juh,8,-,3
4A,11:19,Autobusová stanica cez Nový Juh,8,-,3
4A,11:49,Autobusová stanica cez Nový Juh,8,-,3
4A,12:49,Autobusová stanica cez Nový Juh,8,-,3
4A,13:49,Autobusová stanica cez Nový Juh,8,-,3
4A,14:49,Autobusová stanica cez Nový Juh,8,-,3
4A,15:49,Autobusová stanica cez Nový Juh,8,-,3
4A,16:49,Autobusová stanica cez Nový Juh,8,-,3
4A,17:49,Autobusová stanica cez Nový Juh,8,-,3
4A,18:49,Autobusová stanica cez Nový Juh,8,-,3
4A,19:19,Autobusová stanica cez Nový Juh,8,-,4
4A,19:49,Autobusová stanica cez Nový Juh,8,-,5
4A,20:19,Autobusová stanica cez Nový Juh,8,-,4
4A,20:49,Autobusová stanica cez Nový Juh,8,-,5
4A,21:19,Autobusová stanica cez Nový Juh,8,-,3
4A,21:49,Autobusová stanica cez Nový Juh,8,-,4
58B,04:50,Autobusová stanica cez Nový Juh,8,-,3
58B,05:50,Autobusová stanica cez Nový Juh,8,-,3
58B,06:50,Autobusová stanica cez Nový Juh,8,-,3
58B,07:51,Autobusová stanica cez Nový Juh,8,-,3
58B,08:21,Autobusová stanica cez Nový Juh,8,-,3
58B,08:51,Autobusová stanica cez Nový Juh,8,-,3
58B,09:21,Autobusová stanica cez Nový Juh,8,-,3
58B,09:51,Autobusová stanica cez Nový Juh,8,-,3
58B,10:21,Autobusová stanica cez Nový Juh,8,-,3
58B,10:51,Autobusová stanica cez Nový Juh,8,-,3
58B,11:21,Autobusová stanica cez Nový Juh,8,-,3
58B,11:51,Autobusová stanica cez Nový Juh,8,-,3
58B,12:51,Autobusová stanica cez Nový Juh,8,-,3
58B,13:51,Autobusová stanica cez Nový Juh,8,-,3
58B,14:51,Autobusová stanica cez Nový Juh,8,-,3
58B,15:51,Autobusová stanica cez Nový Juh,8,-,3
58B,16:51,Autobusová stanica cez Nový Juh,8,-,3
58B,17:51,Autobusová stanica cez Nový Juh,8,-,3
58B,18:51,Autobusová stanica cez Nový Juh,8,-,3
58B,19:21,Autobusová stanica cez Nový Juh,8,-,4
58B,19:51,Autobusová stanica cez Nový Juh,8,-,5
58B,20:20,Autobusová stanica cez Nový Juh,8,-,4
58B,20:50,Autobusová stanica cez Nový Juh,8,-,5
58B,21:20,Autobusová stanica cez Nový Juh,8,-,3
58B,21:50,Autobusová stanica cez Nový Juh,8,-,4
59,04:51,Autobusová stanica cez Nový Juh,8,-,3
59,05:51,Autobusová stanica cez Nový Juh,8,-,3
59,06:51,Autobusová stanica cez Nový Juh,8,-,3
59,07:52,Autobusová stanica cez Nový Juh,8,-,3
59,08:22,Autobusová stanica cez Nový Juh,8,-,3
59,08:52,Autobusová stanica cez Nový Juh,8,-,3
59,09:22,Autobusová stanica cez Nový Juh,8,-,3
59,09:52,Autobusová stanica cez Nový Juh,8,-,3
59,10:22,Autobusová stanica cez Nový Juh,8,-,3
59,10:52,Autobusová stanica cez Nový Juh,8,-,3
59,11:22,Autobusová stanica cez Nový Juh,8,-,3
59,11:52,Autobusová stanica cez Nový Juh,8,-,3
59,12:52,Autobusová stanica cez Nový Juh,8,-,3
59,13:52,Autobusová stanica cez Nový Juh,8,-,3
59,14:52,Autobusová stanica cez Nový Juh,8,-,3
59,15:52,Autobusová stanica cez Nový Juh,8,-,3
59,16:52,Autobusová stanica cez Nový Juh,8,-,3
59,17:52,Autobusová stanica cez Nový Juh,8,-,3
59,18:52,Autobusová stanica cez Nový Juh,8,-,3
59,19:22,Autobusová stanica cez Nový Juh,8,-,4
59,19:52,Autobusová stanica cez Nový Juh,8,-,5
59,20:21,Autobusová stanica cez Nový Juh,8,-,4
59,20:51,Autobusová stanica cez Nový Juh,8,-,5
59,21:21,Autobusová stanica cez Nový Juh,8,-,3
59,21:51,Autobusová stanica cez Nový Juh,8,-,4
48A,04:52,Autobusová stanica cez Nový Juh,8,-,3
48A,05:52,Autobusová stanica cez Nový Juh,8,-,3
48A,06:52,Autobusová stanica cez Nový Juh,8,-,3
48A,07:53,Autobusová stanica cez Nový Juh,8,-,3
48A,08:23,Autobusová stanica cez Nový Juh,8,-,3
48A,08:53,Autobusová stanica cez Nový Juh,8,-,3
48A,09:23,Autobusová stanica cez Nový Juh,8,-,3
48A,09:53,Autobusová stanica cez Nový Juh,8,-,3
48A,10:23,Autobusová stanica cez Nový Juh,8,-,3
48A,10:53,Autobusová stanica cez Nový Juh,8,-,3
48A,11:23,Autobusová stanica cez Nový Juh,8,-,3
48A,11:53,Autobusová stanica cez Nový Juh,8,-,3
48A,12:53,Autobusová stanica cez Nový Juh,8,-,3
48A,13:53,Autobusová stanica cez Nový Juh,8,-,3
48A,14:53,Autobusová stanica cez Nový Juh,8,-,3
48A,15:53,Autobusová stanica cez Nový Juh,8,-,3
48A,16:53,Autobusová stanica cez Nový Juh,8,-,3
48A,17:53,Autobusová stanica cez Nový Juh,8,-,3
48A,18:53,Autobusová stanica cez Nový Juh,8,-,3
48A,19:23,Autobusová stanica cez Nový Juh,8,-,4
48A,19:53,Autobusová stanica cez Nový Juh,8,-,5
48A,20:23,Autobusová stanica cez Nový Juh,8,-,4
48A,20:52,Autobusová stanica cez Nový Juh,8,-,5
48A,21:22,Autobusová stanica cez Nový Juh,8,-,3
48A,21:52,Autobusová stanica cez Nový Juh,8,-,4
47B,04:53,Autobusová stanica cez Nový Juh,8,-,3
47B,05:53,Autobusová stanica cez Nový Juh,8,-,3
47B,06:53,Autobusová stanica cez Nový Juh,8,-,3
47B,07:55,Autobusová stanica cez Nový Juh,8,-,3
47B,08:25,Autobusová stanica cez Nový Juh,8,-,3
47B,08:55,Autobusová stanica cez Nový Juh,8,-,3
47B,09:25,Autobusová stanica cez Nový Juh,8,-,3
47B,09:55,Autobusová stanica cez Nový Juh,8,-,3
47B,10:25,Autobusová stanica cez Nový Juh,8,-,3
47B,10:55,Autobusová stanica cez Nový Juh,8,-,3
47B,11:55,Autobusová stanica cez Nový Juh,8,-,3
47B,12:55,Autobusová stanica cez Nový Juh,8,-,3
47B,13:55,Autobusová stanica cez Nový Juh,8,-,3
47B,14:55,Autobusová stanica cez Nový Juh,8,-,3
47B,15:55,Autobusová stanica cez Nový Juh,8,-,3
47B,16:55,Autobusová stanica cez Nový Juh,8,-,3
47B,17:55,Autobusová stanica cez Nový Juh,8,-,3
47B,18:55,Autobusová stanica cez Nový Juh,8,-,3
47B,19:25,Autobusová stanica cez Nový Juh,8,-,4
47B,19:55,Autobusová stanica cez Nový Juh,8,-,5
47B,20:25,Autobusová stanica cez Nový Juh,8,-,4
47B,20:53,Autobusová stanica cez Nový Juh,8,-,5
47B,21:23,Autobusová stanica cez Nový Juh,8,-,3
47B,21:53,Autobusová stanica cez Nový Juh,8,-,4
46A,04:54,Autobusová stanica cez Nový Juh,8,-,3
46A,05:54,Autobusová stanica cez Nový Juh,8,-,3
46A,06:54,Autobusová stanica cez Nový Juh,8,-,3
46A,07:56,Autobusová stanica cez Nový Juh,8,-,3
46A,08:26,Autobusová stanica cez Nový Juh,8,-,3
46A,08:56,Autobusová stanica cez Nový Juh,8,-,3
46A,09:26,Autobusová stanica cez Nový Juh,8,-,3
46A,09:56,Autobusová stanica cez Nový Juh,8,-,3
46A,10:26,Autobusová stanica cez Nový Juh,8,-,3
46A,10:56,Autobusová stanica cez Nový Juh,8,-,3
46A,11:26,Autobusová stanica cez Nový Juh,8,-,3
46A,11:56,Autobusová stanica cez Nový Juh,8,-,3
46A,12:56,Autobusová stanica cez Nový Juh,8,-,3
46A,13:56,Autobusová stanica cez Nový Juh,8,-,3
46A,14:56,Autobusová stanica cez Nový Juh,8,-,3
46A,15:56,Autobusová stanica cez Nový Juh,8,-,3
46A,16:56,Autobusová stanica cez Nový Juh,8,-,3
46A,17:56,Autobusová stanica cez Nový Juh,8,-,3
46A,18:56,Autobusová stanica cez Nový Juh,8,-,3
46A,19:26,Autobusová stanica cez Nový Juh,8,-,4
46A,19:56,Autobusová stanica cez Nový Juh,8,-,5
46A,20:26,Autobusová stanica cez Nový Juh,8,-,4
46A,20:54,Autobusová stanica cez Nový Juh,8,-,5
46A,21:24,Autobusová stanica cez Nový Juh,8,-,3
46A,21:54,Autobusová stanica cez Nový Juh,8,-,4
45B,04:56,Autobusová stanica cez Nový Juh,8,-,3
45B,05:56,Autobusová stanica cez Nový Juh,8,-,3
45B,06:56,Autobusová stanica cez Nový Juh,8,-,3
45B,07:58,Autobusová stanica cez Nový Juh,8,-,3
45B,08:28,Autobusová stanica cez Nový Juh,8,-,3
45B,08:58,Autobusová stanica cez Nový Juh,8,-,3
45B,09:28,Autobusová stanica cez Nový Juh,8,-,3
45B,09:58,Autobusová stanica cez Nový Juh,8,-,3
45B,10:28,Autobusová stanica cez Nový Juh,8,-,3
45B,10:58,Autobusová stanica cez Nový Juh,8,-,3
45B,11:28,Autobusová stanica cez Nový Juh,8,-,3
45B,11:58,Autobusová stanica cez Nový Juh,8,-,3
45B,12:58,Autobusová stanica cez Nový Juh,8,-,3
45B,13:58,Autobusová stanica cez Nový Juh,8,-,3
45B,14:58,Autobusová stanica cez Nový Juh,8,-,3
45B,15:58,Autobusová stanica cez Nový Juh,8,-,3
45B,16:58,Autobusová stanica cez Nový Juh,8,-,3
45B,17:58,Autobusová stanica cez Nový Juh,8,-,3
45B,18:58,Autobusová stanica cez Nový Juh,8,-,3
45B,19:28,Autobusová stanica cez Nový Juh,8,-,4
45B,19:58,Autobusová stanica cez Nový Juh,8,-,5
45B,20:28,Autobusová stanica cez Nový Juh,8,-,4
45B,20:56,Autobusová stanica cez Nový Juh,8,-,5
45B,21:26,Autobusová stanica cez Nový Juh,8,-,3
45B,21:56,Autobusová stanica cez Nový Juh,8,-,4
60B,04:58,Autobusová stanica cez Nový Juh,8,-,3
60B,05:58,Autobusová stanica cez Nový Juh,8,-,3
60B,06:58,Autobusová stanica cez Nový Juh,8,-,3
60B,08:00,Autobusová stanica cez Nový Juh,8,-,3
60B,08:30,Autobusová stanica cez Nový Juh,8,-,3
60B,09:00,Autobusová stanica cez Nový Juh,8,-,3
60B,09:30,Autobusová stanica cez Nový Juh,8,-,3
60B,10:00,Autobusová stanica cez Nový Juh,8,-,3
60B,10:30,Autobusová stanica cez Nový Juh,8,-,3
60B,11:00,Autobusová stanica cez Nový Juh,8,-,3
60B,11:30,Autobusová stanica cez Nový Juh,8,-,3
60B,12:00,Autobusová stanica cez Nový Juh,8,-,3
60B,13:00,Autobusová stanica cez Nový Juh,8,-,3
60B,14:00,Autobusová stanica cez Nový Juh,8,-,3
60B,15:00,Autobusová stanica cez Nový Juh,8,-,3
60B,16:00,Autobusová stanica cez Nový Juh,8,-,3
60B,17:00,Autobusová stanica cez Nový Juh,8,-,3
60B,18:00,Autobusová stanica cez Nový Juh,8,-,3
60B,19:00,Autobusová stanica cez Nový Juh,8,-,3
60B,19:30,Autobusová stanica cez Nový Juh,8,-,4
60B,20:00,Autobusová stanica cez Nový Juh,8,-,5
60B,20:30,Autobusová stanica cez Nový Juh,8,-,4
60B,20:58,Autobusová stanica cez Nový Juh,8,-,4
60B,21:28,Autobusová stanica cez Nový Juh,8,-,3
60B,21:58,Autobusová stanica cez Nový Juh,8,-,4
6A,04:05,Autobusová stanica,8,-,3
6A,04:05,Autobusová stanica,8,-,4
6A,04:35,Autobusová stanica,8,-,4
6A,05:00,Autobusová stanica,8,-,3
6A,06:00,Autobusová stanica,8,-,3
6A,07:00,Autobusová stanica,8,-,3
6A,08:02,Autobusová stanica,8,-,3
6A,08:32,Autobusová stanica,8,-,3
6A,09:02,Autobusová stanica,8,-,3
6A,09:32,Autobusová stanica,8,-,3
6A,10:02,Autobusová stanica,8,-,3
6A,10:32,Autobusová stanica,8,-,3
6A,11:02,Autobusová stanica,8,-,3
6A,11:32,Autobusová stanica,8,-,3
6A,12:02,Autobusová stanica,8,-,3
6A,13:02,Autobusová stanica,8,-,3
6A,14:02,Autobusová stanica,8,-,3
6A,15:02,Autobusová stanica,8,-,3
6A,16:02,Autobusová stanica,8,-,3
6A,17:02,Autobusová stanica,8,-,3
6A,18:02,Autobusová stanica,8,-,3
6A,19:02,Autobusová stanica,8,-,3
6A,19:32,Autobusová stanica,8,-,4
6A,20:02,Autobusová stanica,8,-,5
6A,20:32,Autobusová stanica,8,-,4
6A,21:00,Autobusová stanica,8,-,5
6A,21:30,Autobusová stanica,8,-,3
6A,22:00,Autobusová stanica,8,-,4
6A,-,Autobusová stanica,8,22:00,3
7,04:07,Autobusová stanica,8,-,3
7,04:07,Autobusová stanica,8,-,4
7,04:37,Autobusová stanica,8,-,4
7,05:02,Autobusová stanica,8,-,3
7,06:02,Autobusová stanica,8,-,3
7,07:02,Autobusová stanica,8,-,3
7,08:04,Autobusová stanica,8,-,3
7,08:34,Autobusová stanica,8,-,3
7,09:04,Autobusová stanica,8,-,3
7,09:34,Autobusová stanica,8,-,3
7,10:04,Autobusová stanica,8,-,3
7,10:34,Autobusová stanica,8,-,3
7,11:04,Autobusová stanica,8,-,3
7,11:34,Autobusová stanica,8,-,3
7,12:04,Autobusová stanica,8,-,3
7,13:04,Autobusová stanica,8,-,3
7,14:04,Autobusová stanica,8,-,3
7,15:04,Autobusová stanica,8,-,3
7,16:04,Autobusová stanica,8,-,3
7,17:04,Autobusová stanica,8,-,3
7,18:04,Autobusová stanica,8,-,3
7,19:04,Autobusová stanica,8,-,3
7,19:34,Autobusová stanica,8,-,4
7,20:04,Autobusová stanica,8,-,5
7,20:34,Autobusová stanica,8,-,4
7,21:00,Autobusová stanica,8,-,5
7,21:30,Autobusová stanica,8,-,3
7,22:02,Autobusová stanica,8,-,4
8,04:08,Autobusová stanica,8,-,3
8,04:08,Autobusová stanica,8,-,4
8,04:38,Autobusová stanica,8,-,4
8,05:03,Autobusová stanica,8,-,3
8,06:03,Autobusová stanica,8,-,3
8,07:03,Autobusová stanica,8,-,3
8,08:06,Autobusová stanica,8,-,3
8,08:36,Autobusová stanica,8,-,3
8,09:06,Autobusová stanica,8,-,3
8,09:36,Autobusová stanica,8,-,3
8,10:06,Autobusová stanica,8,-,3
8,10:36,Autobusová stanica,8,-,3
8,11:06,Autobusová stanica,8,-,3
8,11:36,Autobusová stanica,8,-,3
8,12:06,Autobusová stanica,8,-,3
8,13:06,Autobusová stanica,8,-,3
8,14:06,Autobusová stanica,8,-,3
8,15:06,Autobusová stanica,8,-,3
8,16:06,Autobusová stanica,8,-,3
8,17:06,Autobusová stanica,8,-,3
8,18:06,Autobusová stanica,8,-,3
8,19:06,Autobusová stanica,8,-,3
8,19:36,Autobusová stanica,8,-,4
8,20:06,Autobusová stanica,8,-,5
8,20:36,Autobusová stanica,8,-,4
8,21:03,Autobusová stanica,8,-,5
8,21:33,Autobusová stanica,8,-,3
8,22:03,Autobusová stanica,8,-,4
9,04:09,Autobusová stanica,8,-,3
9,04:09,Autobusová stanica,8,-,4
9,04:39,Autobusová stanica,8,-,4
9,05:04,Autobusová stanica,8,-,3
9,06:04,Autobusová stanica,8,-,3
9,07:04,Autobusová stanica,8,-,3
9,08:07,Autobusová stanica,8,-,3
9,08:37,Autobusová stanica,8,-,3
9,09:07,Autobusová stanica,8,-,3
9,09:37,Autobusová stanica,8,-,3
9,10:07,Autobusová stanica,8,-,3
9,10:37,Autobusová stanica,8,-,3
9,11:07,Autobusová stanica,8,-,3
9,11:37,Autobusová stanica,8,-,3
9,12:07,Autobusová stanica,8,-,3
9,13:07,Autobusová stanica,8,-,3
9,14:07,Autobusová stanica,8,-,3
9,15:07,Autobusová stanica,8,-,3
9,16:07,Autobusová stanica,8,-,3
9,17:07,Autobusová stanica,8,-,3
9,18:07,Autobusová stanica,8,-,3
9,19:07,Autobusová stanica,8,-,3
9,19:37,Autobusová stanica,8,-,4
9,20:07,Autobusová stanica,8,-,5
9,20:37,Autobusová stanica,8,-,4
9,21:04,Autobusová stanica,8,-,5
9,21:34,Autobusová stanica,8,-,3
9,22:04,Autobusová stanica,8,-,4
10,04:10,Autobusová stanica,8,-,3
10,04:10,Autobusová stanica,8,-,4
10,04:40,Autobusová stanica,8,-,4
10,05:05,Autobusová stanica,8,-,3
10,06:05,Autobusová stanica,8,-,3
10,07:05,Autobusová stanica,8,-,3
10,08:08,Autobusová stanica,8,-,3
10,08:38,Autobusová stanica,8,-,3
10,09:08,Autobusová stanica,8,-,3
10,09:38,Autobusová stanica,8,-,3
10,10:08,Autobusová stanica,8,-,3
10,10:38,Autobusová stanica,8,-,3
10,11:08,Autobusová stanica,8,-,3
10,11:38,Autobusová stanica,8,-,3
10,12:08,Autobusová stanica,8,-,3
10,13:08,Autobusová stanica,8,-,3
10,14:08,Autobusová stanica,8,-,3
10,15:08,Autobusová stanica,8,-,3
10,16:08,Autobusová stanica,8,-,3
10,17:08,Autobusová stanica,8,-,3
10,18:08,Autobusová stanica,8,-,3
10,19:08,Autobusová stanica,8,-,3
10,19:38,Autobusová stanica,8,-,4
10,20:08,Autobusová stanica,8,-,5
10,20:38,Autobusová stanica,8,-,4
10,21:05,Autobusová stanica,8,-,5
10,21:35,Autobusová stanica,8,-,3
10,22:05,Autobusová stanica,8,-,4
45A,04:12,Autobusová stanica,8,-,3
45A,04:12,Autobusová stanica,8,-,4
45A,04:42,Autobusová stanica,8,-,4
45A,05:07,Autobusová stanica,8,-,3
45A,06:07,Autobusová stanica,8,-,3
45A,07:07,Autobusová stanica,8,-,3
45A,08:10,Autobusová stanica,8,-,3
45A,08:40,Autobusová stanica,8,-,3
45A,09:10,Autobusová stanica,8,-,3
45A,09:40,Autobusová stanica,8,-,3
45A,10:10,Autobusová stanica,8,-,3
45A,10:40,Autobusová stanica,8,-,3
45A,11:10,Autobusová stanica,8,-,3
45A,11:40,Autobusová stanica,8,-,3
45A,12:10,Autobusová stanica,8,-,3
45A,13:10,Autobusová stanica,8,-,3
45A,14:10,Autobusová stanica,8,-,3
45A,15:10,Autobusová stanica,8,-,3
45A,16:10,Autobusová stanica,8,-,3
45A,17:10,Autobusová stanica,8,-,3
45A,18:10,Autobusová stanica,8,-,3
45A,19:10,Autobusová stanica,8,-,3
45A,19:40,Autobusová stanica,8,-,4
45A,20:10,Autobusová stanica,8,-,5
45A,20:40,Autobusová stanica,8,-,4
45A,21:07,Autobusová stanica,8,-,5
45A,21:37,Autobusová stanica,8,-,3
45A,22:07,Autobusová stanica,8,-,4
46B,04:13,Autobusová stanica,8,-,3
46B,04:13,Autobusová stanica,8,-,4
46B,04:43,Autobusová stanica,8,-,4
46B,05:08,Autobusová stanica,8,-,3
46B,06:08,Autobusová stanica,8,-,3
46B,07:08,Autobusová stanica,8,-,3
46B,08:11,Autobusová stanica,8,-,3
46B,08:41,Autobusová stanica,8,-,3
46B,09:11,Autobusová stanica,8,-,3
46B,09:41,Autobusová stanica,8,-,3
46B,10:11,Autobusová stanica,8,-,3
46B,10:41,Autobusová stanica,8,-,3
46B,11:11,Autobusová stanica,8,-,3
46B,11:41,Autobusová stanica,8,-,3
46B,12:11,Autobusová stanica,8,-,3
46B,13:11,Autobusová stanica,8,-,3
46B,14:11,Autobusová stanica,8,-,3
46B,15:11,Autobusová stanica,8,-,3
46B,16:11,Autobusová stanica,8,-,3
46B,17:11,Autobusová stanica,8,-,3
46B,18:11,Autobusová stanica,8,-,3
46B,19:11,Autobusová stanica,8,-,3
46B,19:41,Autobusová stanica,8,-,4
46B,20:11,Autobusová stanica,8,-,5
46B,20:41,Autobusová stanica,8,-,4
46B,21:08,Autobusová stanica,8,-,5
46B,21:38,Autobusová stanica,8,-,3
46B,22:08,Autobusová stanica,8,-,4
47A,04:14,Autobusová stanica,8,-,3
47A,04:14,Autobusová stanica,8,-,4
47A,04:44,Autobusová stanica,8,-,4
47A,05:09,Autobusová stanica,8,-,3
47A,06:09,Autobusová stanica,8,-,3
47A,07:09,Autobusová stanica,8,-,3
47A,08:14,Autobusová stanica,8,-,3
47A,08:44,Autobusová stanica,8,-,3
47A,09:14,Autobusová stanica,8,-,3
47A,09:44,Autobusová stanica,8,-,3
47A,10:14,Autobusová stanica,8,-,3
47A,10:44,Autobusová stanica,8,-,3
47A,11:14,Autobusová stanica,8,-,3
47A,11:44,Autobusová stanica,8,-,3
47A,12:14,Autobusová stanica,8,-,3
47A,13:14,Autobusová stanica,8,-,3
47A,14:14,Autobusová stanica,8,-,3
47A,15:14,Autobusová stanica,8,-,3
47A,16:14,Autobusová stanica,8,-,3
47A,17:14,Autobusová stanica,8,-,3
47A,18:14,Autobusová stanica,8,-,3
47A,19:14,Autobusová stanica,8,-,3
47A,19:44,Autobusová stanica,8,-,4
47A,20:14,Autobusová stanica,8,-,5
47A,20:44,Autobusová stanica,8,-,4
47A,21:09,Autobusová stanica,8,-,4
47A,21:39,Autobusová stanica,8,-,3
47A,22:09,Autobusová stanica,8,-,4
48B,04:15,Autobusová stanica,8,-,3
48B,04:15,Autobusová stanica,8,-,4
48B,04:45,Autobusová stanica,8,-,4
48B,05:10,Autobusová stanica,8,-,3
48B,06:10,Autobusová stanica,8,-,3
48B,07:10,Autobusová stanica,8,-,3
48B,08:15,Autobusová stanica,8,-,3
48B,08:45,Autobusová stanica,8,-,3
48B,09:15,Autobusová stanica,8,-,3
48B,09:45,Autobusová stanica,8,-,3
48B,10:15,Autobusová stanica,8,-,3
48B,10:45,Autobusová stanica,8,-,3
48B,11:15,Autobusová stanica,8,-,3
48B,11:45,Autobusová stanica,8,-,3
48B,12:15,Autobusová stanica,8,-,3
48B,13:15,Autobusová stanica,8,-,3
48B,14:15,Autobusová stanica,8,-,3
48B,15:15,Autobusová stanica,8,-,3
48B,16:15,Autobusová stanica,8,-,3
48B,17:15,Autobusová stanica,8,-,3
48B,18:15,Autobusová stanica,8,-,3
48B,19:15,Autobusová stanica,8,-,3
48B,19:45,Autobusová stanica,8,-,4
48B,20:15,Autobusová stanica,8,-,5
48B,20:45,Autobusová stanica,8,-,4
48B,21:10,Autobusová stanica,8,-,5
48B,21:40,Autobusová stanica,8,-,3
48B,22:10,Autobusová stanica,8,-,4
58A,04:16,Autobusová stanica,8,-,3
58A,04:16,Autobusová stanica,8,-,4
58A,04:46,Autobusová stanica,8,-,4
58A,05:11,Autobusová stanica,8,-,3
58A,06:11,Autobusová stanica,8,-,3
58A,07:11,Autobusová stanica,8,-,3
58A,08:16,Autobusová stanica,8,-,3
58A,08:46,Autobusová stanica,8,-,3
58A,09:16,Autobusová stanica,8,-,3
58A,09:46,Autobusová stanica,8,-,3
58A,10:16,Autobusová stanica,8,-,3
58A,10:46,Autobusová stanica,8,-,3
58A,11:16,Autobusová stanica,8,-,3
58A,11:46,Autobusová stanica,8,-,3
58A,12:16,Autobusová stanica,8,-,3
58A,13:16,Autobusová stanica,8,-,3
58A,14:16,Autobusová stanica,8,-,3
58A,15:16,Autobusová stanica,8,-,3
58A,16:16,Autobusová stanica,8,-,3
58A,17:16,Autobusová stanica,8,-,3
58A,18:16,Autobusová stanica,8,-,3
58A,19:16,Autobusová stanica,8,-,3
58A,19:46,Autobusová stanica,8,-,4
58A,20:16,Autobusová stanica,8,-,5
58A,20:46,Autobusová stanica,8,-,4
58A,21:11,Autobusová stanica,8,-,5
58A,21:41,Autobusová stanica,8,-,3
58A,22:11,Autobusová stanica,8,-,4
4B,04:18,Autobusová stanica,8,-,3
4B,04:18,Autobusová stanica,8,-,4
4B,04:48,Autobusová stanica,8,-,4
4B,05:13,Autobusová stanica,8,-,3
4B,06:13,Autobusová stanica,8,-,3
4B,07:13,Autobusová stanica,8,-,3
4B,08:18,Autobusová stanica,8,-,3
4B,08:48,Autobusová stanica,8,-,3
4B,09:18,Autobusová stanica,8,-,3
4B,09:48,Autobusová stanica,8,-,3
4B,10:18,Autobusová stanica,8,-,3
4B,10:48,Autobusová stanica,8,-,3
4B,11:18,Autobusová stanica,8,-,3
4B,11:48,Autobusová stanica,8,-,3
4B,12:18,Autobusová stanica,8,-,3
4B,13:18,Autobusová stanica,8,-,3
4B,14:18,Autobusová stanica,8,-,3
4B,15:18,Autobusová stanica,8,-,3
4B,16:18,Autobusová stanica,8,-,3
4B,17:18,Autobusová stanica,8,-,3
4B,18:18,Autobusová stanica,8,-,3
4B,19:18,Autobusová stanica,8,-,3
4B,19:48,Autobusová stanica,8,-,4
4B,20:18,Autobusová stanica,8,-,5
4B,20:48,Autobusová stanica,8,-,4
4B,21:13,Autobusová stanica,8,-,5
4B,21:43,Autobusová stanica,8,-,3
4B,22:13,Autobusová stanica,8,-,4
2A,04:19,Autobusová stanica,8,-,3
2A,04:19,Autobusová stanica,8,-,4
2A,04:49,Autobusová stanica,8,-,4
2A,05:14,Autobusová stanica,8,-,3
2A,06:14,Autobusová stanica,8,-,3
2A,07:14,Autobusová stanica,8,-,3
2A,08:19,Autobusová stanica,8,-,3
2A,08:49,Autobusová stanica,8,-,3
2A,09:19,Autobusová stanica,8,-,3
2A,09:49,Autobusová stanica,8,-,3
2A,10:19,Autobusová stanica,8,-,3
2A,10:49,Autobusová stanica,8,-,3
2A,11:19,Autobusová stanica,8,-,3
2A,11:49,Autobusová stanica,8,-,3
2A,12:19,Autobusová stanica,8,-,3
2A,13:19,Autobusová stanica,8,-,3
2A,14:19,Autobusová stanica,8,-,3
2A,15:19,Autobusová stanica,8,-,3
2A,16:19,Autobusová stanica,8,-,3
2A,17:19,Autobusová stanica,8,-,3
2A,18:19,Autobusová stanica,8,-,3
2A,19:19,Autobusová stanica,8,-,3
2A,19:49,Autobusová stanica,8,-,4
2A,20:19,Autobusová stanica,8,-,5
2A,20:49,Autobusová stanica,8,-,4
2A,21:14,Autobusová stanica,8,-,5
2A,21:44,Autobusová stanica,8,-,3
2A,22:14,Autobusová stanica,8,-,4
1C,-,-,8,04:22,3
1C,-,-,8,04:22,4
1C,-,-,8,04:52,4
1C,-,-,8,05:17,3
1C,-,-,8,06:17,3
1C,-,-,8,07:17,3
1C,-,-,8,08:22,3
1C,-,-,8,08:52,3
1C,-,-,8,09:22,3
1C,-,-,8,09:52,3
1C,-,-,8,10:22,3
1C,-,-,8,10:52,3
1C,-,-,8,11:22,3
1C,-,-,8,11:52,3
1C,-,-,8,12:22,3
1C,-,-,8,13:22,3
1C,-,-,8,14:22,3
1C,-,-,8,15:22,3
1C,-,-,8,16:22,3
1C,-,-,8,17:22,3
1C,-,-,8,18:22,3
1C,-,-,8,19:22,3
1C,-,-,8,19:52,4
1C,-,-,8,20:22,5
1C,-,-,8,20:52,4
1C,-,-,8,21:17,5
1C,-,-,8,21:47,3
1C,-,-,8,22:17,4
6A,5:00,Lidická,9,-,4
6A,5:05,Allendeho,9,-,4
6A,13:00,Lidická,9,-,4
6A,21:00,Allendeho,9,-,4
6A,14:33,Cirkevná škola,9,-,4
6A,14:39,Cirkevná škola,9,-,4
6A,22:36,Cirkevná škola,9,-,4
7,5:02,Lidická,9,-,4
7,5:07,Allendeho,9,-,4
7,13:02,Lidická,9,-,4
7,21:02,Allendeho,9,-,4
7,14:35,Cirkevná škola,9,-,4
7,14:41,Cirkevná škola,9,-,4
7,22:38,Cirkevná škola,9,-,4
8,5:03,Lidická,9,-,4
8,5:08,Allendeho,9,-,4
8,13:03,Lidická,9,-,4
8,21:03,Allendeho,9,-,4
8,14:36,Cirkevná škola,9,-,4
8,14:42,Cirkevná škola,9,-,4
8,22:39,Cirkevná škola,9,-,4
9,5:05,Lidická,9,-,4
9,5:10,Allendeho,9,-,4
9,13:05,Lidická,9,-,4
9,21:05,Allendeho,9,-,4
9,14:38,Cirkevná škola,9,-,4
9,14:44,Cirkevná škola,9,-,4
9,22:40,Cirkevná škola,9,-,4
10,5:06,Lidická,9,-,4
10,5:11,Allendeho,9,-,4
10,13:07,Lidická,9,-,4
10,21:07,Allendeho,9,-,4
10,-,Cirkevná škola,9,14:39,4
10,-,Cirkevná škola,9,14:45,4
10,-,Cirkevná škola,9,22:41,4
45A,5:08,Lidická,9,-,4
45A,5:13,Allendeho,9,-,4
45A,13:09,Lidická,9,-,4
45A,21:09,Allendeho,9,-,4
45B,14:31,Cirkevná škola,9,-,4
45B,14:37,Cirkevná škola,9,-,4
45B,22:34,Cirkevná škola,9,-,4
46B,5:10,Lidická,9,-,4
46B,5:15,Allendeho,9,-,4
46B,13:09,Lidická,9,-,4
46B,21:09,Allendeho,9,-,4
46A,14:30,Cirkevná škola,9,-,4
46A,14:36,Cirkevná škola,9,-,4
46A,22:33,Cirkevná škola,9,-,4
47A,5:11,Lidická,9,-,4
47A,5:16,Allendeho,9,-,4
47A,13:10,Lidická,9,-,4
47A,21:10,Allendeho,9,-,4
47B,14:29,Cirkevná škola,9,-,4
47B,14:35,Cirkevná škola,9,-,4
47B,22:32,Cirkevná škola,9,-,4
53,14:27,Cirkevná škola,9,-,4
53,14:33,Cirkevná škola,9,-,4
53,22:30,Cirkevná škola,9,-,4
54,5:13,Lidická,9,-,4
54,5:18,Allendeho,9,-,4
54,13:13,Lidická,9,-,4
54,21:13,Allendeho,9,-,4
55,5:14,Lidická,9,-,4
55,5:19,Allendeho,9,-,4
55,13:14,Lidická,9,-,4
55,21:14,Allendeho,9,-,4
23B,5:27,Lidická,9,-,4
23B,5:32,Allendeho,9,-,4
23B,13:28,Lidická,9,-,4
23B,21:27,Allendeho,9,-,4
23A,14:13,Cirkevná škola,9,-,4
23A,14:19,Cirkevná škola,9,-,4
23A,22:17,Cirkevná škola,9,-,4
24,5:29,Lidická,9,-,4
24,5:34,Allendeho,9,-,4
24,13:30,Lidická,9,-,4
24,21:29,Allendeho,9,-,4
24,14:10,Cirkevná škola,9,-,4
24,14:17,Cirkevná škola,9,-,4
24,22:15,Cirkevná škola,9,-,4
25A,14:12,Cirkevná škola,9,-,4
25A,22:11,Cirkevná škola,9,-,4
25B,5:33,Lidická,9,-,4
25B,5:38,Allendeho,9,-,4
25B,13:34,Lidická,9,-,4
25B,21:33,Allendeho,9,-,4
26,14:05,Cirkevná škola,9,-,4
26,22:05,Cirkevná škola,9,-,4
26,-,-,9,5:34,4
26,5:39,Allendeho,9,-,4
26,-,-,9,13:35,4
26,21:34,Allendeho,9,-,4
27,14:07,Cirkevná škola,9,-,4
27,22:06,Cirkevná škola,9,-,4
27,5:40,Allendeho,9,-,4
27,21:35,Allendeho,9,-,4
28,-,-,9,5:41,4
28,-,-,9,21:36,4
28,14:09,Cirkevná škola,9,-,4
28,22:08,Cirkevná škola,9,-,4
29,14:10,Cirkevná škola,9,-,4
29,22:09,Cirkevná škola,9,-,4
56A,07:01,Uherova,7,-,1
56A,07:01,Uherova,7,-,2
56A,08:56,Uherova,7,-,1
56A,14:16,Uherova,7,-,4
56A,15:16,Uherova,7,-,4
56A,15:36,Uherova,7,-,4
56A,16:16,Uherova,7,-,4
57B,07:02,Uherova,7,-,1
57B,07:02,Uherova,7,-,2
57B,08:57,Uherova,7,-,1
57B,14:17,Uherova,7,-,4
57B,15:17,Uherova,7,-,4
57B,15:37,Uherova,7,-,4
57B,16:17,Uherova,7,-,4
1A,05:05,Uherova,7,-,4
1A,05:25,Uherova,7,-,4
1A,05:45,Uherova,7,-,4
1A,06:05,Uherova,7,-,2
1A,06:10,Uherova,7,-,1
1A,06:25,Uherova,7,-,4
1A,06:40,Uherova,7,-,1
1A,06:45,Uherova,7,-,2
1A,06:55,Uherova,7,-,1
1A,07:05,Uherova,7,-,1
1A,07:05,Uherova,7,-,2
1A,07:20,Uherova,7,-,1
1A,07:25,Uherova,7,-,2
1A,07:40,Uherova,7,-,4
1A,08:00,Uherova,7,-,4
1A,08:20,Uherova,7,-,4
1A,08:40,Uherova,7,-,4
1A,09:00,Uherova,7,-,4
1A,09:20,Uherova,7,-,4
1A,09:40,Uherova,7,-,4
1A,10:00,Uherova,7,-,1
1A,10:10,Uherova,7,-,2
1A,10:20,Uherova,7,-,1
1A,10:40,Uherova,7,-,4
1A,11:00,Uherova,7,-,1
1A,11:10,Uherova,7,-,2
1A,11:20,Uherova,7,-,1
1A,11:40,Uherova,7,-,4
1A,12:00,Uherova,7,-,1
1A,12:10,Uherova,7,-,2
1A,12:20,Uherova,7,-,1
1A,12:40,Uherova,7,-,4
1A,13:00,Uherova,7,-,1
1A,13:10,Uherova,7,-,2
1A,13:20,Uherova,7,-,1
1A,13:40,Uherova,7,-,4
1A,14:00,Uherova,7,-,4
1A,14:20,Uherova,7,-,4
1A,14:40,Uherova,7,-,4
1A,15:00,Uherova,7,-,4
1A,15:20,Uherova,7,-,4
1A,15:40,Uherova,7,-,4
1A,16:00,Uherova,7,-,4
1A,16:20,Uherova,7,-,4
1A,16:40,Uherova,7,-,4
1A,17:10,Uherova,7,-,4
1A,17:40,Uherova,7,-,4
1A,18:10,Uherova,7,-,4
1A,18:40,Uherova,7,-,4
2B,05:06,Uherova,7,-,4
2B,05:26,Uherova,7,-,4
2B,05:46,Uherova,7,-,4
2B,06:07,Uherova,7,-,2
2B,06:12,Uherova,7,-,1
2B,06:27,Uherova,7,-,4
2B,06:42,Uherova,7,-,1
2B,06:47,Uherova,7,-,2
2B,06:57,Uherova,7,-,1
2B,07:07,Uherova,7,-,4
2B,07:22,Uherova,7,-,1
2B,07:27,Uherova,7,-,2
2B,07:42,Uherova,7,-,4
2B,08:02,Uherova,7,-,4
2B,08:22,Uherova,7,-,4
2B,08:42,Uherova,7,-,4
2B,09:02,Uherova,7,-,4
2B,09:22,Uherova,7,-,4
2B,09:42,Uherova,7,-,4
2B,10:02,Uherova,7,-,1
2B,10:12,Uherova,7,-,2
2B,10:22,Uherova,7,-,1
2B,10:42,Uherova,7,-,4
2B,11:02,Uherova,7,-,1
2B,11:12,Uherova,7,-,2
2B,11:22,Uherova,7,-,1
2B,11:42,Uherova,7,-,4
2B,12:02,Uherova,7,-,1
2B,12:12,Uherova,7,-,2
2B,12:22,Uherova,7,-,1
2B,12:42,Uherova,7,-,4
2B,13:02,Uherova,7,-,1
2B,13:12,Uherova,7,-,2
2B,13:22,Uherova,7,-,1
2B,13:42,Uherova,7,-,4
2B,14:02,Uherova,7,-,4
2B,14:22,Uherova,7,-,4
2B,14:42,Uherova,7,-,4
2B,15:02,Uherova,7,-,4
2B,15:22,Uherova,7,-,4
2B,15:42,Uherova,7,-,4
2B,16:02,Uherova,7,-,4
2B,16:22,Uherova,7,-,4
2B,16:42,Uherova,7,-,4
2B,17:12,Uherova,7,-,4
2B,18:12,Uherova,7,-,4
2B,18:42,Uherova,7,-,4
3A,05:07,Uherova,7,-,4
3A,05:27,Uherova,7,-,4
3A,05:47,Uherova,7,-,4
3A,06:08,Uherova,7,-,2
3A,06:13,Uherova,7,-,1
3A,06:28,Uherova,7,-,4
3A,06:43,Uherova,7,-,1
3A,06:48,Uherova,7,-,2
3A,06:58,Uherova,7,-,1
3A,07:08,Uherova,7,-,4
3A,07:23,Uherova,7,-,1
3A,07:28,Uherova,7,-,2
3A,07:43,Uherova,7,-,4
3A,08:03,Uherova,7,-,4
3A,08:23,Uherova,7,-,4
3A,08:43,Uherova,7,-,4
3A,09:03,Uherova,7,-,4
3A,09:23,Uherova,7,-,4
3A,09:43,Uherova,7,-,4
3A,10:03,Uherova,7,-,1
3A,10:13,Uherova,7,-,2
3A,10:23,Uherova,7,-,1
3A,10:43,Uherova,7,-,4
3A,11:03,Uherova,7,-,1
3A,11:13,Uherova,7,-,2
3A,11:23,Uherova,7,-,1
3A,11:43,Uherova,7,-,4
3A,12:03,Uherova,7,-,1
3A,12:13,Uherova,7,-,2
3A,12:23,Uherova,7,-,1
3A,12:43,Uherova,7,-,4
3A,13:03,Uherova,7,-,1
3A,13:13,Uherova,7,-,2
3A,13:23,Uherova,7,-,1
3A,13:43,Uherova,7,-,4
3A,14:03,Uherova,7,-,4
3A,14:23,Uherova,7,-,4
3A,14:43,Uherova,7,-,4
3A,15:03,Uherova,7,-,4
3A,15:23,Uherova,7,-,4
3A,15:43,Uherova,7,-,4
3A,16:03,Uherova,7,-,4
3A,16:23,Uherova,7,-,4
3A,16:43,Uherova,7,-,4
3A,17:13,Uherova,7,-,4
3A,18:13,Uherova,7,-,4
3A,18:43,Uherova,7,-,4
4A,05:09,Uherova,7,-,4
4A,05:29,Uherova,7,-,4
4A,05:49,Uherova,7,-,4
4A,06:10,Uherova,7,-,2
4A,06:15,Uherova,7,-,1
4A,06:30,Uherova,7,-,4
4A,06:45,Uherova,7,-,1
4A,06:50,Uherova,7,-,2
4A,07:00,Uherova,7,-,1
4A,07:10,Uherova,7,-,4
4A,07:25,Uherova,7,-,1
4A,07:30,Uherova,7,-,2
4A,07:45,Uherova,7,-,4
4A,08:05,Uherova,7,-,4
4A,08:25,Uherova,7,-,4
4A,08:45,Uherova,7,-,4
4A,09:05,Uherova,7,-,4
4A,09:25,Uherova,7,-,4
4A,09:45,Uherova,7,-,4
4A,10:05,Uherova,7,-,1
4A,10:15,Uherova,7,-,2
4A,10:25,Uherova,7,-,1
4A,10:45,Uherova,7,-,4
4A,11:05,Uherova,7,-,1
4A,11:15,Uherova,7,-,2
4A,11:25,Uherova,7,-,1
4A,11:45,Uherova,7,-,4
4A,12:05,Uherova,7,-,1
4A,12:15,Uherova,7,-,2
4A,12:25,Uherova,7,-,1
4A,12:45,Uherova,7,-,4
4A,13:05,Uherova,7,-,1
4A,13:15,Uherova,7,-,2
4A,13:25,Uherova,7,-,1
4A,13:45,Uherova,7,-,4
4A,14:05,Uherova,7,-,4
4A,14:25,Uherova,7,-,4
4A,14:45,Uherova,7,-,4
4A,15:05,Uherova,7,-,4
4A,15:25,Uherova,7,-,4
4A,15:45,Uherova,7,-,4
4A,16:05,Uherova,7,-,4
4A,16:25,Uherova,7,-,4
4A,16:45,Uherova,7,-,4
4A,17:15,Uherova,7,-,4
4A,18:15,Uherova,7,-,4
4A,18:45,Uherova,7,-,4
58B,05:11,Uherova,7,-,4
58B,05:31,Uherova,7,-,4
58B,05:51,Uherova,7,-,4
58B,06:12,Uherova,7,-,2
58B,06:17,Uherova,7,-,1
58B,06:32,Uherova,7,-,4
58B,06:47,Uherova,7,-,1
58B,06:52,Uherova,7,-,2
58B,07:02,Uherova,7,-,1
58B,07:12,Uherova,7,-,4
58B,07:27,Uherova,7,-,1
58B,07:32,Uherova,7,-,2
58B,07:47,Uherova,7,-,4
58B,08:07,Uherova,7,-,4
58B,08:27,Uherova,7,-,4
58B,08:47,Uherova,7,-,4
58B,09:07,Uherova,7,-,4
58B,09:27,Uherova,7,-,4
58B,09:47,Uherova,7,-,4
58B,10:07,Uherova,7,-,1
58B,10:17,Uherova,7,-,2
58B,10:27,Uherova,7,-,1
58B,10:47,Uherova,7,-,4
58B,11:07,Uherova,7,-,1
58B,11:17,Uherova,7,-,2
58B,11:27,Uherova,7,-,1
58B,11:47,Uherova,7,-,4
58B,12:07,Uherova,7,-,1
58B,12:17,Uherova,7,-,2
58B,12:27,Uherova,7,-,1
58B,12:47,Uherova,7,-,4
58B,13:07,Uherova,7,-,1
58B,13:17,Uherova,7,-,2
58B,13:27,Uherova,7,-,1
58B,13:47,Uherova,7,-,4
58B,14:07,Uherova,7,-,4
58B,14:27,Uherova,7,-,4
58B,14:47,Uherova,7,-,4
58B,15:07,Uherova,7,-,4
58B,15:27,Uherova,7,-,4
58B,15:47,Uherova,7,-,4
58B,16:07,Uherova,7,-,4
58B,16:27,Uherova,7,-,4
58B,16:47,Uherova,7,-,4
58B,17:17,Uherova,7,-,4
58B,18:17,Uherova,7,-,4
58B,18:47,Uherova,7,-,4
59,05:12,Uherova,7,-,4
59,05:32,Uherova,7,-,4
59,05:52,Uherova,7,-,4
59,06:13,Uherova,7,-,2
59,06:18,Uherova,7,-,1
59,06:33,Uherova,7,-,4
59,06:48,Uherova,7,-,1
59,06:53,Uherova,7,-,2
59,07:03,Uherova,7,-,1
59,07:13,Uherova,7,-,4
59,07:28,Uherova,7,-,1
59,07:33,Uherova,7,-,2
59,07:48,Uherova,7,-,4
59,08:08,Uherova,7,-,4
59,08:28,Uherova,7,-,4
59,08:48,Uherova,7,-,4
59,09:08,Uherova,7,-,4
59,09:28,Uherova,7,-,4
59,09:48,Uherova,7,-,4
59,10:08,Uherova,7,-,1
59,10:18,Uherova,7,-,2
59,10:28,Uherova,7,-,1
59,10:48,Uherova,7,-,4
59,11:08,Uherova,7,-,1
59,11:18,Uherova,7,-,2
59,11:28,Uherova,7,-,1
59,11:48,Uherova,7,-,4
59,12:08,Uherova,7,-,1
59,12:18,Uherova,7,-,2
59,12:28,Uherova,7,-,1
59,12:48,Uherova,7,-,4
59,13:08,Uherova,7,-,1
59,13:18,Uherova,7,-,2
59,13:28,Uherova,7,-,1
59,13:48,Uherova,7,-,4
59,14:08,Uherova,7,-,4
59,14:28,Uherova,7,-,4
59,14:48,Uherova,7,-,4
59,15:08,Uherova,7,-,4
59,15:28,Uherova,7,-,4
59,15:48,Uherova,7,-,4
59,16:08,Uherova,7,-,4
59,16:28,Uherova,7,-,4
59,16:48,Uherova,7,-,4
59,17:18,Uherova,7,-,4
59,18:18,Uherova,7,-,4
59,18:48,Uherova,7,-,4
48A,05:13,Uherova,7,-,4
48A,05:33,Uherova,7,-,4
48A,05:53,Uherova,7,-,4
48A,06:15,Uherova,7,-,2
48A,06:20,Uherova,7,-,1
48A,06:35,Uherova,7,-,4
48A,06:50,Uherova,7,-,1
48A,06:55,Uherova,7,-,2
48A,07:05,Uherova,7,-,1
48A,07:15,Uherova,7,-,4
48A,07:30,Uherova,7,-,1
48A,07:35,Uherova,7,-,2
48A,07:50,Uherova,7,-,4
48A,08:10,Uherova,7,-,4
48A,08:30,Uherova,7,-,4
48A,08:50,Uherova,7,-,4
48A,09:10,Uherova,7,-,4
48A,09:30,Uherova,7,-,4
48A,09:50,Uherova,7,-,4
48A,10:10,Uherova,7,-,1
48A,10:20,Uherova,7,-,2
48A,10:30,Uherova,7,-,1
48A,10:50,Uherova,7,-,4
48A,11:10,Uherova,7,-,1
48A,11:20,Uherova,7,-,2
48A,11:30,Uherova,7,-,1
48A,11:50,Uherova,7,-,4
48A,12:10,Uherova,7,-,1
48A,12:20,Uherova,7,-,2
48A,12:30,Uherova,7,-,1
48A,12:50,Uherova,7,-,4
48A,13:10,Uherova,7,-,1
48A,13:20,Uherova,7,-,2
48A,13:30,Uherova,7,-,1
48A,13:50,Uherova,7,-,4
48A,14:10,Uherova,7,-,4
48A,14:30,Uherova,7,-,4
48A,14:50,Uherova,7,-,4
48A,15:10,Uherova,7,-,4
48A,15:30,Uherova,7,-,4
48A,15:50,Uherova,7,-,4
48A,16:10,Uherova,7,-,4
48A,16:30,Uherova,7,-,4
48A,16:50,Uherova,7,-,4
48A,17:20,Uherova,7,-,4
48A,18:20,Uherova,7,-,4
48A,18:50,Uherova,7,-,4
47B,05:15,Uherova,7,-,4
47B,05:35,Uherova,7,-,4
47B,05:55,Uherova,7,-,4
47B,06:17,Uherova,7,-,2
47B,06:22,Uherova,7,-,1
47B,06:37,Uherova,7,-,4
47B,06:52,Uherova,7,-,1
47B,06:57,Uherova,7,-,2
47B,07:07,Uherova,7,-,1
47B,07:17,Uherova,7,-,4
47B,07:32,Uherova,7,-,1
47B,07:37,Uherova,7,-,2
47B,07:52,Uherova,7,-,4
47B,08:12,Uherova,7,-,4
47B,08:32,Uherova,7,-,4
47B,08:52,Uherova,7,-,4
47B,09:12,Uherova,7,-,4
47B,09:32,Uherova,7,-,4
47B,09:52,Uherova,7,-,4
47B,10:12,Uherova,7,-,1
47B,10:22,Uherova,7,-,2
47B,10:32,Uherova,7,-,1
47B,10:52,Uherova,7,-,4
47B,11:12,Uherova,7,-,1
47B,11:22,Uherova,7,-,2
47B,11:32,Uherova,7,-,1
47B,11:52,Uherova,7,-,4
47B,12:12,Uherova,7,-,1
47B,12:22,Uherova,7,-,2
47B,12:32,Uherova,7,-,1
47B,12:52,Uherova,7,-,4
47B,13:12,Uherova,7,-,1
47B,13:22,Uherova,7,-,2
47B,13:32,Uherova,7,-,1
47B,13:52,Uherova,7,-,4
47B,14:12,Uherova,7,-,4
47B,14:32,Uherova,7,-,4
47B,14:52,Uherova,7,-,4
47B,15:12,Uherova,7,-,4
47B,15:32,Uherova,7,-,4
47B,15:52,Uherova,7,-,4
47B,16:12,Uherova,7,-,4
47B,16:32,Uherova,7,-,4
47B,16:52,Uherova,7,-,4
47B,17:22,Uherova,7,-,4
47B,18:22,Uherova,7,-,4
47B,18:52,Uherova,7,-,4
46A,05:16,Uherova,7,-,4
46A,05:36,Uherova,7,-,4
46A,05:56,Uherova,7,-,4
46A,06:18,Uherova,7,-,2
46A,06:23,Uherova,7,-,1
46A,06:38,Uherova,7,-,4
46A,06:53,Uherova,7,-,1
46A,06:58,Uherova,7,-,2
46A,07:08,Uherova,7,-,1
46A,07:18,Uherova,7,-,4
46A,07:33,Uherova,7,-,1
46A,07:38,Uherova,7,-,2
46A,07:53,Uherova,7,-,4
46A,08:13,Uherova,7,-,4
46A,08:33,Uherova,7,-,4
46A,08:53,Uherova,7,-,4
46A,09:13,Uherova,7,-,4
46A,09:33,Uherova,7,-,4
46A,09:53,Uherova,7,-,4
46A,10:13,Uherova,7,-,1
46A,10:23,Uherova,7,-,2
46A,10:33,Uherova,7,-,1
46A,10:53,Uherova,7,-,4
46A,11:13,Uherova,7,-,1
46A,11:23,Uherova,7,-,2
46A,11:33,Uherova,7,-,1
46A,11:53,Uherova,7,-,4
46A,12:13,Uherova,7,-,1
46A,12:23,Uherova,7,-,2
46A,12:33,Uherova,7,-,1
46A,12:53,Uherova,7,-,4
46A,13:13,Uherova,7,-,1
46A,13:23,Uherova,7,-,2
46A,13:33,Uherova,7,-,1
46A,13:53,Uherova,7,-,4
46A,14:13,Uherova,7,-,4
46A,14:33,Uherova,7,-,4
46A,14:43,Uherova,7,-,4
46A,14:53,Uherova,7,-,4
46A,15:13,Uherova,7,-,4
46A,15:33,Uherova,7,-,4
46A,15:53,Uherova,7,-,4
46A,16:13,Uherova,7,-,4
46A,16:33,Uherova,7,-,4
46A,16:53,Uherova,7,-,4
46A,17:23,Uherova,7,-,4
46A,18:23,Uherova,7,-,4
46A,18:53,Uherova,7,-,4
45B,05:18,Uherova,7,-,4
45B,05:38,Uherova,7,-,4
45B,05:58,Uherova,7,-,4
45B,06:20,Uherova,7,-,2
45B,06:25,Uherova,7,-,1
45B,06:40,Uherova,7,-,4
45B,06:55,Uherova,7,-,1
45B,07:00,Uherova,7,-,2
45B,07:10,Uherova,7,-,1
45B,07:20,Uherova,7,-,4
45B,07:35,Uherova,7,-,1
45B,07:40,Uherova,7,-,2
45B,07:55,Uherova,7,-,4
45B,08:15,Uherova,7,-,4
45B,08:35,Uherova,7,-,4
45B,08:55,Uherova,7,-,4
45B,09:15,Uherova,7,-,4
45B,09:35,Uherova,7,-,4
45B,09:55,Uherova,7,-,4
45B,10:15,Uherova,7,-,1
45B,10:25,Uherova,7,-,2
45B,10:35,Uherova,7,-,1
45B,10:55,Uherova,7,-,4
45B,11:15,Uherova,7,-,1
45B,11:25,Uherova,7,-,2
45B,11:35,Uherova,7,-,1
45B,11:55,Uherova,7,-,4
45B,12:15,Uherova,7,-,1
45B,12:25,Uherova,7,-,2
45B,12:35,Uherova,7,-,1
45B,12:55,Uherova,7,-,4
45B,13:15,Uherova,7,-,1
45B,13:25,Uherova,7,-,2
45B,13:35,Uherova,7,-,1
45B,13:55,Uherova,7,-,4
45B,14:15,Uherova,7,-,4
45B,14:35,Uherova,7,-,4
45B,14:55,Uherova,7,-,4
45B,15:15,Uherova,7,-,4
45B,15:35,Uherova,7,-,4
45B,15:55,Uherova,7,-,4
45B,16:15,Uherova,7,-,4
45B,16:35,Uherova,7,-,4
45B,16:55,Uherova,7,-,4
45B,17:25,Uherova,7,-,4
45B,18:25,Uherova,7,-,4
45B,18:55,Uherova,7,-,4
60B,05:20,Uherova,7,-,4
60B,05:40,Uherova,7,-,4
60B,06:00,Uherova,7,-,4
60B,06:22,Uherova,7,-,2
60B,06:27,Uherova,7,-,1
60B,06:42,Uherova,7,-,4
60B,06:57,Uherova,7,-,1
60B,07:02,Uherova,7,-,2
60B,07:12,Uherova,7,-,1
60B,07:22,Uherova,7,-,4
60B,07:37,Uherova,7,-,1
60B,07:42,Uherova,7,-,2
60B,07:57,Uherova,7,-,4
60B,08:17,Uherova,7,-,4
60B,08:37,Uherova,7,-,4
60B,08:57,Uherova,7,-,4
60B,09:17,Uherova,7,-,4
60B,09:37,Uherova,7,-,4
60B,09:57,Uherova,7,-,4
60B,10:17,Uherova,7,-,1
60B,10:27,Uherova,7,-,2
60B,10:37,Uherova,7,-,1
60B,10:57,Uherova,7,-,4
60B,11:17,Uherova,7,-,1
60B,11:27,Uherova,7,-,2
60B,11:37,Uherova,7,-,1
60B,11:57,Uherova,7,-,4
60B,12:17,Uherova,7,-,1
60B,12:27,Uherova,7,-,2
60B,12:37,Uherova,7,-,1
60B,12:57,Uherova,7,-,4
60B,13:17,Uherova,7,-,1
60B,13:27,Uherova,7,-,2
60B,13:37,Uherova,7,-,1
60B,13:57,Uherova,7,-,4
60B,14:17,Uherova,7,-,4
60B,14:37,Uherova,7,-,4
60B,14:57,Uherova,7,-,4
60B,15:17,Uherova,7,-,4
60B,15:37,Uherova,7,-,4
60B,15:57,Uherova,7,-,4
60B,16:17,Uherova,7,-,4
60B,16:37,Uherova,7,-,4
60B,16:57,Uherova,7,-,4
60B,17:27,Uherova,7,-,4
60B,18:27,Uherova,7,-,4
60B,18:57,Uherova,7,-,4